0;1532;3294;4002
1;1973;3293;4411
2;1942;3380;4282
3;1690;3439;3688
4;1541;3634;2635
5;1703;3827;1877
6;1577;4174;1175
7;1286;4357;630
8;743;4401;64
9;331;4339;-321
10;-103;4267;-677
11;-263;4127;-769
12;123;3809;-510
14;911;3440;1129
17;1742;3277;2881
19;1938;3354;3877
20;1996;3633;3140
22;1721;3957;2024
23;1239;4190;1003
25;443;4278;340
26;81;4106;-322
30;215;3811;-120
31;1054;3450;1417
34;1714;3282;3381
36;2115;3298;4697
37;1758;3463;4087
39;940;3673;2833
41;250;3856;1499
42;-279;4053;621
44;-459;4192;-49
45;-271;4157;-407
47;-19;3943;-565
48;928;3500;873
52;1691;3179;2625
53;2186;3137;4075
55;1931;3388;3709
56;1632;3721;2737
58;1272;3873;1957
59;753;3957;1137
61;59;4078;223
63;-189;4113;-561
64;147;3849;-467
66;636;3464;129
67;1126;3115;1065
69;1401;3106;1589
70;1933;3299;1965
72;2117;3676;1852
74;2203;4006;1547
75;1927;4195;1261
76;1602;4127;1603
78;1161;4115;2085
80;893;4042;2563
81;1197;3993;2673
83;1465;3879;2397
85;1624;3760;2035
86;1484;3641;1649
88;1326;3392;2067
91;915;3203;2111
93;570;3122;2249
94;577;2994;2300
96;1001;2847;2738
97;1391;2714;2652
99;1783;2661;2273
100;2378;2513;2053
102;2711;2577;2119
104;2806;2765;2060
105;2347;3008;2167
107;2131;2987;2425
108;1857;2979;2700
110;1684;3041;2557
111;1397;3032;2619
113;1248;2922;2720
115;1187;2835;2795
116;1389;2811;2609
118;1605;2890;2403
119;1859;2853;2427
121;2259;2720;2376
122;2822;2491;2106
124;3267;2497;1777
126;3346;2625;1597
127;3120;2776;1740
129;2888;2783;1877
130;2461;2793;2072
133;1840;2929;2387
137;1331;3109;2589
138;1318;3295;2560
140;1776;3321;2306
141;2330;3223;2107
143;2899;3023;1771
146;3103;2904;1617
148;3045;2825;1569
149;2629;2889;1743
151;2325;2962;1680
152;2069;3062;1644
154;1771;3167;1797
155;1533;3163;2311
157;1250;3303;2630
159;1315;3345;2711
160;1465;3421;2563
162;1890;3342;2445
163;2255;3242;2132
165;2748;3059;1697
166;3095;2881;1323
168;3147;2849;1297
170;2909;2946;1327
171;2679;3018;1403
172;2374;3075;1440
174;2212;3038;1768
176;1672;3220;2105
177;1316;3249;2598
179;1047;3427;2719
182;1440;3351;2659
184;2086;3308;2205
185;2880;3112;1621
187;3474;2919;1047
188;3626;2861;797
190;3361;2867;897
192;2956;2961;1057
193;2476;2948;1370
195;1871;3090;1781
196;1117;3127;2639
198;800;3335;3106
200;834;3466;3294
201;1673;3505;2787
204;2598;3302;2113
206;3267;3011;1450
207;3438;2865;863
209;3135;2865;817
211;2952;2907;897
212;2495;3010;1189
214;2185;3092;1251
215;1802;3151;1645
217;1466;3189;2209
218;1291;3267;2817
220;1375;3398;2875
222;1596;3531;2821
223;2273;3381;2333
225;2705;3249;1875
226;3273;2977;1208
228;3360;2925;855
229;3295;2874;778
231;3011;2906;912
233;2649;3018;1019
234;2260;3185;1199
236;2171;3186;1464
237;1983;3185;1983
239;1840;3133;2402
240;1221;3343;2956
242;1021;3511;3157
244;1183;3573;3123
245;1943;3471;2544
247;2593;3226;1825
250;3158;2974;1140
251;3186;2879;806
253;2927;2919;923
255;2649;3045;1085
256;2390;3133;1227
258;2257;3176;1360
259;1834;3289;1897
262;1544;3312;2623
264;1259;3453;3078
266;1423;3498;3075
267;1905;3483;2557
268;2673;3223;2069
270;3191;2935;1429
272;3408;2818;937
273;3177;2919;595
275;2857;3041;625
277;2617;3100;895
278;2426;3139;1285
280;2254;3202;1687
281;1825;3373;2086
283;1517;3403;2443
284;1247;3463;2737
286;1358;3417;2757
288;1521;3425;2574
289;1933;3313;2259
291;2162;3252;2038
292;2481;3179;1759
294;2709;3107;1377
295;2893;3041;907
297;2815;3005;878
299;2671;3036;1249
300;2161;3171;1909
302;1808;3347;2173
303;1675;3501;2204
305;2025;3569;2047
306;2389;3510;1907
308;2470;3375;1599
310;2427;3119;1459
311;2233;2959;1599
313;2088;2929;1911
314;2002;3042;2026
316;1849;3141;1931
318;1563;3229;1915
321;1164;3275;2079
322;833;3373;2379
324;709;3470;2577
325;758;3409;2606
327;794;3283;2711
329;826;3175;2823
330;1103;3122;2824
332;1665;3155;2525
335;2375;3080;2071
336;2778;3077;1694
338;2665;3070;1497
340;2451;3118;1463
341;2074;3236;1561
343;2037;3239;1601
344;1603;3337;1711
346;1244;3319;1965
347;607;3355;2353
349;492;3285;2681
351;549;3259;2815
352;877;3251;2747
354;1041;3275;2657
355;1172;3231;2633
357;1286;3203;2625
358;1564;3119;2457
360;2046;3099;2075
362;2589;3085;1609
363;2659;3137;1477
366;2317;3194;1558
369;1727;3153;1841
371;970;3183;2205
373;309;3273;2622
374;-192;3388;3014
376;183;3415;2983
379;795;3377;2783
380;1416;3316;2545
382;1635;3213;2422
384;1801;3078;2293
385;2085;3032;1937
387;2395;3019;1561
388;2365;3151;1397
390;2333;3226;1453
391;2094;3266;1646
393;1860;3181;1890
395;1414;3159;2139
396;953;3166;2481
398;764;3235;2665
399;708;3315;2759
401;980;3373;2667
402;793;3338;2785
404;579;3397;2801
406;217;3445;2756
407;496;3471;2423
409;1166;3314;2186
410;2405;3043;1765
412;3389;2865;1349
413;3543;2818;1182
415;3041;2896;1368
417;2407;3025;1648
418;2007;3063;1809
420;1470;3179;1929
421;773;3289;2307
423;206;3385;2678
424;318;3459;2883
428;811;3419;2797
429;1549;3380;2509
431;1725;3286;2312
432;1891;3205;2073
434;2124;3126;1700
437;2245;3179;1575
439;2338;3249;1513
440;2136;3368;1747
442;2090;3358;1777
443;1795;3311;1865
445;1475;3275;1951
447;1236;3259;2053
448;911;3309;2326
450;656;3357;2669
451;441;3331;2911
453;597;3292;2951
454;1115;3232;2728
456;1620;3258;2503
458;2161;3235;2160
459;2575;3150;1832
460;2943;3089;1453
462;2905;3106;1269
464;2595;3190;1249
465;2066;3218;1436
467;1493;3213;1741
469;907;3231;2171
470;543;3285;2653
472;619;3329;2896
473;1100;3290;2892
475;1540;3294;2703
476;1588;3330;2614
478;928;3511;2691
480;338;3649;2621
481;293;3682;2233
483;1065;3557;1711
484;2293;3320;1149
486;3345;3065;859
487;3263;2936;959
489;2739;2893;1366
491;2112;2967;1695
492;2011;3045;1849
495;1681;3181;2050
497;1262;3295;2295
498;886;3335;2585
500;817;3315;2815
502;1141;3228;2903
503;1698;3072;2806
505;2163;2905;2733
506;2258;2787;2902
508;2207;2808;3033
509;1753;3131;2923
511;1289;3489;2493
513;833;3772;1909
514;934;3851;1226
517;982;3884;593
519;1233;3718;570
522;1595;3565;769
524;2347;3417;1038
525;2794;3417;1146
527;2985;3313;1415
528;3106;3239;1723
530;3311;3267;1843
531;3343;3357;1874
533;3193;3427;1833
535;2964;3487;1590
536;2428;3748;1060
539;1799;3948;892
541;1133;4185;859
542;779;4104;1256
544;548;4023;1251
546;653;3679;1073
547;1065;3332;953
549;1799;3026;1082
550;3145;2925;1229
554;3923;3027;1071
555;4141;3288;678
556;3222;3556;383
558;2481;3707;328
560;1890;3754;537
561;1366;3851;1031
563;881;3997;1561
565;618;4071;1989
566;862;3995;1980
568;1437;3826;1659
569;2204;3559;1231
571;2909;3351;963
572;3195;3359;569
576;3057;3538;457
577;2678;3684;811
580;2188;3660;877
582;1750;3582;1011
583;1457;3582;1090
585;1605;3537;1487
587;1843;3611;1585
588;2321;3528;1467
590;2616;3500;1387
591;2675;3550;1023
593;2262;3818;790
594;1648;3971;881
596;847;4159;1311
598;262;4081;1548
599;157;4041;1513
601;733;3705;1311
602;1834;3359;1201
604;2979;3005;1430
605;4143;2741;1859
607;4081;2832;1753
609;3871;2969;1331
610;2800;3224;980
612;2081;3534;935
613;905;3773;1455
615;-195;4048;1916
616;-606;3995;2273
618;-218;3923;2058
620;897;3700;1599
621;2089;3353;1486
623;3019;3064;1625
624;3847;2728;2049
626;3797;2759;2083
627;3414;2911;1757
629;2529;3014;1645
631;2060;3404;1460
632;1222;3641;1779
634;381;4148;1771
635;-821;4196;2067
637;-1188;4209;2026
638;-788;4053;1621
640;705;3550;1527
642;2135;3169;1546
643;3514;2774;2001
645;4095;2686;2175
646;3845;2936;1807
648;3099;3238;1366
650;1949;3732;989
652;693;3869;1381
654;-369;3939;1807
656;-757;3888;2061
657;668;3513;2091
660;2612;3131;2238
662;3809;2964;2129
664;3720;3205;1639
665;2786;3399;1098
667;2361;3331;995
668;1424;3329;1343
670;44;3620;1805
672;-1221;3967;2059
673;-1192;4034;2087
675;671;3689;2005
678;2783;3330;1967
679;4225;3009;2002
681;3973;3182;1378
683;3253;3275;887
684;1996;3499;694
686;995;3609;957
687;-230;3827;1473
689;-992;4041;1811
690;-1069;3968;2386
692;-53;3714;2345
694;1503;3291;2353
695;3311;3055;2241
697;4456;2883;2376
698;4424;3108;1761
700;3767;3245;1070
701;2676;3374;623
703;1997;3381;915
705;718;3601;1386
706;-597;3901;1867
708;-1450;4115;2126
709;-1237;4036;2161
711;-227;3918;1784
712;1347;3536;1723
714;3136;3179;1921
716;4452;2861;2262
717;4458;2963;1809
719;3599;3137;1269
720;2449;3273;971
722;1571;3444;1004
723;407;3503;1402
725;-835;3855;1697
727;-1384;3933;2241
728;-829;4015;2128
730;649;3689;1987
731;2336;3263;1925
733;3757;2937;2176
734;4312;2838;2315
736;4008;2902;1968
738;3057;3024;1603
739;1645;3336;1321
741;649;3453;1559
742;-741;3883;1757
744;-741;3834;1908
747;-591;3962;1773
748;937;3460;1784
750;2337;3248;1972
752;3874;2927;2228
753;3961;3077;1995
755;3621;3218;1485
756;2838;3385;1073
758;2120;3541;937
760;1085;3689;1239
761;-411;3920;1700
763;-1313;3963;2205
764;-1287;3873;2279
766;-427;3745;2009
767;1139;3455;1901
769;2811;3132;2070
771;4137;2898;2382
772;4210;3003;2076
774;3455;3283;1560
775;2290;3468;1140
777;1414;3479;1223
778;259;3553;1491
780;-761;3682;1813
782;-1248;3709;2193
783;-497;3539;2442
786;1199;3339;2487
788;3025;3089;2511
790;3787;2938;2420
791;3507;2989;1927
793;2820;3135;1426
794;2154;3272;1133
796;1602;3320;1325
797;1013;3353;1585
799;165;3446;1957
801;-689;3497;2417
802;-1063;3639;2723
804;-729;3731;2683
805;951;3510;2504
808;2464;3242;2235
810;3399;3005;1879
812;3215;3089;1432
813;2643;3166;1168
815;2257;3197;1218
816;1540;3287;1511
818;725;3448;1855
819;-473;3653;2217
821;-999;3763;2419
823;-1045;3815;2440
824;181;3597;2282
826;1229;3384;2110
827;2613;3004;2121
829;3355;2893;2178
830;3606;2815;2225
832;3114;3075;1912
834;2513;3254;1621
835;1899;3387;1463
837;1249;3506;1527
838;331;3633;1734
840;-563;3833;1994
841;-1011;3725;2352
843;-1017;3705;2450
844;68;3483;2357
846;1382;3316;2260
848;2750;3113;2259
849;3429;2913;2339
851;3307;3001;2109
852;2849;3128;1719
854;1754;3348;1586
857;685;3575;1779
859;-283;3600;2287
860;-853;3729;2561
862;-929;3679;2743
863;-403;3729;2528
865;908;3507;2271
867;2288;3228;2037
868;3352;2974;2029
870;3577;2913;2033
871;3225;3021;1775
873;2504;3136;1555
874;1806;3241;1561
876;1279;3393;1808
878;485;3749;2032
879;-217;3911;2114
881;-569;3839;2289
882;-293;3571;2328
884;423;3416;2215
885;1458;3243;2097
887;2791;2994;2161
889;3741;2837;2299
890;3792;3012;1847
893;2731;3264;1440
895;1527;3499;1215
896;176;3688;1549
898;-868;3809;1911
900;-1272;3911;2082
901;-656;3769;2001
903;573;3552;1811
904;1876;3321;1923
906;3115;3071;2417
908;3692;2986;2870
909;3587;3105;2483
911;2851;3285;1911
912;1597;3589;1290
914;185;3679;1369
915;-1416;3842;1307
917;-1475;3687;1403
919;-812;3557;1417
920;836;3258;1945
922;1957;3151;2535
923;3007;3080;3183
925;3089;3230;3123
926;2829;3421;2472
928;1688;3582;1841
930;899;3602;1418
931;-436;3599;1505
933;-1430;3718;1369
934;-1747;3690;1509
936;-1035;3641;1481
937;659;3285;1979
939;1948;3163;2462
940;3232;3005;3146
942;3164;3134;2907
944;2883;3254;2343
945;1811;3383;1815
947;1041;3522;1467
948;10;3616;1409
950;-1079;3824;1285
952;-1605;3893;1436
953;-1305;3844;1492
955;-49;3737;1455
956;1242;3440;1839
958;2094;3237;2323
959;2693;2924;2952
961;2570;2998;2915
963;2260;3175;2553
964;1840;3515;1891
966;1801;3576;1569
967;1145;3659;1499
969;-77;3743;1674
970;-1095;3856;1747
972;-1018;3705;1838
974;-66;3443;2002
975;1799;3143;2605
977;3301;3044;3132
978;3809;3094;2810
980;3295;3332;1903
981;2336;3440;1169
983;885;3509;1119
985;-811;3550;1217
986;-1929;3623;1255
988;-1586;3555;1485
989;-148;3336;2138
991;1484;3154;2943
992;3191;3025;3543
994;3313;3172;3010
996;3035;3337;2103
997;1644;3448;1381
999;1106;3293;1305
1000;-260;3471;1375
1002;-1255;3669;1431
1003;-2291;4012;1539
1004;-1483;3883;1631
1007;-147;3674;1711
1008;1498;3305;2165
1010;2183;3167;2549
1011;2727;2911;3007
1013;2494;2891;2870
1014;2023;2934;2679
1016;957;3286;2270
1019;149;3643;1945
1021;-633;3795;1643
1024;-747;3707;1537
1026;-580;3529;1558
1027;381;3165;1891
1029;1337;2946;2227
1030;2489;2753;2882
1032;3012;2765;3333
1033;3014;3103;2923
1035;2600;3261;2234
1036;1389;3505;1712
1038;-39;3570;1738
1041;-1377;3818;1687
1043;-1666;3931;1655
1044;-795;3740;1855
1046;479;3448;2331
1048;1657;3101;2743
1049;2605;2837;3187
1051;2745;2801;3125
1052;2581;3044;2553
1054;2136;3353;1811
1055;1417;3499;1495
1057;404;3555;1505
1059;-923;3803;1643
1060;-1511;4014;1570
1062;-1318;4053;1648
1063;-349;3855;1497
1065;874;3461;1691
1066;2023;3083;2232
1068;2769;2844;3045
1070;2751;2953;3301
1071;2497;3185;2782
1073;1943;3257;2295
1074;1241;3247;1859
1076;213;3438;1653
1077;-807;3764;1217
1079;-600;3867;1127
1081;163;3672;1149
1082;1147;3429;1369
1084;1452;3314;1595
1085;1405;3297;2145
1087;1381;3331;2505
1088;1415;3370;2659
1090;1663;3337;2707
1092;1725;3335;2831
1093;1613;3428;2886
1095;1283;3494;2718
1096;889;3618;2345
1099;243;3825;1899
1100;-52;3977;1275
1103;29;3909;933
1104;553;3587;879
1106;1083;3213;1341
1107;1570;2873;2061
1109;2307;2642;2887
1110;2361;2824;3111
1112;2315;3206;2566
1114;1871;3520;1834
1115;1322;3685;1297
1117;673;3655;1074
1118;90;3647;1235
1120;585;3551;1588
1123;1329;3561;1911
1125;1997;3627;1773
1126;1937;3653;1771
1128;1677;3569;1945
1129;1573;3512;2130
1131;1615;3495;2118
1132;1595;3529;2099
1136;1521;3543;2171
1137;1476;3447;2299
1139;1547;3358;2363
1140;1626;3337;2336
1142;1611;3306;2235
1144;1545;3256;2259
1145;1410;3159;2378
1147;1351;3199;2354
1148;1352;3291;2038
1150;1485;3299;1613
1151;1912;3149;1437
1153;2519;2893;1394
1155;2883;2794;1501
1156;2826;2999;1422
1158;2553;3234;1559
1159;2378;3418;1638
1161;2445;3327;1663
1162;2312;3213;1714
1164;1846;3177;2199
1166;1266;3262;2875
1167;933;3371;3074
1169;1044;3320;2879
1170;1447;3202;2517
1172;1842;3159;2285
1173;2461;3067;1882
1175;2949;2933;1397
1177;3301;2805;1065
1178;3139;2876;1081
1181;2667;3058;1189
1183;2147;3223;1460
1184;1697;3381;1607
1186;1268;3469;1997
1188;1111;3447;2443
1189;847;3372;3070
1191;1065;3340;3195
1194;1497;3301;2937
1195;2193;3238;2261
1196;2816;3061;1657
1199;3167;2893;1051
1200;3273;2787;817
1202;3006;2800;993
1203;2609;2987;1277
1205;2320;3116;1375
1206;1923;3282;1498
1208;1453;3375;1899
1210;1277;3317;2408
1211;1111;3295;2885
1213;1259;3203;3133
1214;1266;3296;3127
1216;1547;3294;2947
1217;1957;3264;2453
1219;2490;3103;1947
1221;2933;2961;1391
1222;2942;2929;1164
1224;2755;2987;1187
1225;2532;3053;1305
1227;2185;3123;1543
1230;1948;3152;1706
1232;1659;3188;1980
1233;1610;3243;2286
1235;1457;3257;2787
1236;1453;3292;3065
1238;1466;3312;3062
1239;1591;3352;2845
1241;1895;3277;2405
1243;2265;3194;1985
1244;2781;2965;1409
1246;3036;2867;1029
1247;3090;2855;825
1249;2851;3007;1014
1252;2527;3114;1273
1254;2243;3132;1590
1255;2049;3115;1817
1257;1888;3132;2092
1258;1677;3163;2567
1260;1494;3248;2801
1262;1410;3286;3026
1263;1560;3296;2868
1265;1817;3278;2644
1266;2310;3169;2146
1268;2455;3107;1683
1269;2726;2965;1147
1271;2618;3012;1005
1273;2715;3028;1025
1274;2539;3115;1349
1276;2487;3123;1464
1277;2259;3153;1589
1279;1934;3225;1812
1280;1674;3288;2160
1282;1541;3289;2684
1284;1449;3323;2996
1285;1325;3352;3071
1287;1408;3369;2790
1288;1887;3282;2255
1290;2459;3129;1810
1291;2788;3045;1421
1292;2846;3017;1192
1295;2715;3007;1227
1296;2634;3037;1265
1298;2485;3105;1355
1299;2081;3245;1590
1301;1783;3251;1907
1302;1235;3268;2493
1304;1325;3243;2769
1306;1334;3319;2787
1307;1974;3287;2472
1310;2430;3215;1933
1312;2887;3115;1511
1313;2952;3072;1188
1315;2737;3107;1171
1317;2577;3125;1175
1318;2219;3139;1339
1320;1966;3118;1546
1321;1457;3142;2141
1323;1174;3176;2724
1324;1083;3273;3033
1326;1451;3361;2851
1328;2049;3367;2463
1329;2535;3321;1918
1332;2935;3151;1389
1334;2952;3116;1020
1335;2789;3067;1109
1337;2512;3080;1211
1339;2182;3135;1288
1340;1960;3057;1566
1342;1447;3181;2129
1343;1141;3238;2908
1345;1057;3444;3155
1346;1267;3505;3050
1348;1919;3435;2354
1350;2393;3301;1859
1351;2997;3083;1309
1353;3173;2981;985
1354;3131;3003;784
1356;2931;3055;853
1357;2611;3091;1075
1359;2345;3154;1207
1361;1993;3272;1459
1362;1633;3398;1791
1364;1499;3319;2211
1365;1463;3301;2544
1369;1559;3312;2720
1370;1870;3337;2542
1372;2222;3255;2138
1373;2703;3063;1715
1375;2792;3117;1332
1376;2843;3096;987
1378;2712;3141;807
1380;2611;3064;920
1381;2478;3117;1191
1383;2386;3174;1378
1384;2412;3203;1455
1386;2391;3243;1497
1387;2252;3307;1619
1388;1901;3437;1869
1391;1677;3403;2286
1392;1217;3423;2809
1394;1198;3339;3095
1395;1129;3447;3083
1397;1669;3445;2698
1398;2220;3415;2128
1400;2877;3120;1504
1402;3211;2949;891
1403;3205;2885;606
1405;3001;3016;651
1406;2785;3066;937
1408;2586;3101;1148
1409;2229;3201;1328
1411;1851;3385;1585
1413;1761;3381;2014
1414;1531;3457;2664
1417;1529;3435;2797
1419;1292;3573;2829
1420;1797;3475;2197
1422;2357;3319;1716
1424;2997;3083;959
1427;3097;3001;597
1428;2923;3058;656
1430;2676;3189;935
1431;2457;3271;1167
1433;2151;3343;1357
1436;1742;3459;1754
1438;1657;3472;2140
1439;1479;3377;2675
1441;1381;3321;3045
1442;1205;3377;3097
1444;1592;3449;2739
1446;2013;3456;2154
1447;2276;3367;1846
1449;2463;3150;1609
1450;2683;2988;1307
1453;2898;2907;1019
1455;2820;3063;912
1458;2504;3251;1168
1460;2243;3419;1518
1461;1879;3499;1903
1463;1647;3488;2277
1464;1709;3431;2289
1466;2045;3293;1991
1468;2408;3213;1678
1469;2403;3215;1695
1471;2275;3289;1820
1472;2158;3305;1831
1474;2165;3264;1727
1475;2349;3197;1483
1477;2362;3249;1316
1479;2251;3252;1371
1480;1597;3367;1912
1482;1057;3402;2549
1484;972;3485;2744
1487;1299;3520;2652
1488;1901;3425;2277
1490;2083;3359;2143
1491;2305;3237;1807
1493;2585;3106;1495
1494;2836;3077;1107
1496;2913;3077;1001
1498;2684;3191;1022
1499;2473;3259;1073
1501;2178;3171;1423
1504;1659;3269;1918
1505;1071;3367;2649
1507;1038;3625;2723
1509;1383;3654;2613
1512;2156;3513;2113
1513;2351;3371;1765
1515;2681;3125;1397
1516;2904;2955;981
1518;3088;2975;761
1520;3025;3116;705
1521;2752;3254;955
1523;2412;3284;1137
1524;1919;3267;1588
1526;1407;3209;2166
1527;940;3188;2990
1529;917;3371;3144
1531;991;3633;3129
1532;1832;3607;2529
1534;2230;3488;2212
1535;2711;3207;1716
1537;2675;3133;1312
1538;2851;3013;764
1540;2711;3081;735
1543;2560;3150;863
1545;2099;3267;1323
1546;1693;3366;1801
1548;1309;3487;2382
1549;1004;3593;2923
1551;1069;3678;3050
1553;1059;3725;3111
1554;1678;3563;2719
1556;1972;3445;2214
1557;2596;3247;1581
1559;2639;3105;1221
1560;3029;2879;725
1562;2870;2841;732
1565;2815;3003;785
1567;1977;3297;1639
1570;1452;3309;2449
1571;798;3513;3329
1573;889;3615;3251
1575;1255;3784;2773
1576;2031;3553;2007
1578;2651;3280;1644
1579;2921;3012;1277
1580;3013;2878;941
1582;2933;2871;727
1584;2843;2929;719
1586;2526;2963;1093
1587;2016;3091;1612
1589;1491;3266;2129
1590;848;3525;2573
1592;263;3591;2905
1593;-161;3578;3081
1595;-93;3423;3088
1597;198;3314;3019
1598;620;3141;2821
1600;825;3031;2547
1601;1271;2862;2224
1603;1791;2753;2046
1605;1996;2789;2016
1606;2007;2971;1999
1608;1709;3139;2036
1609;1465;3223;2070
1611;1133;3245;2153
1612;514;3277;2317
1614;-470;3319;2580
1616;-1147;3321;2819
1617;-1236;3405;2869
1619;-141;3314;2771
1620;815;3209;2668
1622;1543;3001;2565
1623;1721;2881;2390
1625;1551;2863;2183
1627;1387;2982;2005
1628;1126;3162;1885
1630;1015;3232;1803
1631;865;3204;1894
1633;686;3215;2093
1634;132;3256;2386
1636;-535;3440;2633
1638;-1155;3566;2832
1639;-341;3545;2887
1642;436;3428;2694
1644;1405;3225;2421
1645;1349;3169;2105
1647;1462;3047;1897
1649;1277;3067;1751
1650;1247;3129;1784
1652;1214;3243;1900
1653;1297;3326;1989
1655;1355;3370;2034
1656;983;3379;2162
1658;-7;3376;2430
1660;-1167;3348;2702
1661;-1633;3472;2841
1663;-1053;3565;2786
1664;-53;3593;2646
1666;859;3427;2491
1667;1344;3202;2283
1669;1233;3073;2069
1671;1012;3011;1874
1672;855;3115;1837
1674;1055;3230;1904
1675;1092;3373;1966
1676;921;3382;2085
1678;589;3369;2215
1680;-221;3337;2435
1682;-947;3340;2629
1683;-1499;3368;2771
1685;-1346;3412;2831
1686;-639;3455;2723
1688;187;3387;2645
1689;1099;3217;2455
1691;1533;2961;2383
1693;1439;2873;2201
1694;1164;2916;2077
1696;901;3091;1942
1697;899;3194;1936
1699;773;3271;2001
1700;143;3320;2213
1702;-813;3401;2439
1704;-1784;3505;2674
1705;-1875;3565;2763
1707;-1262;3541;2785
1708;-44;3357;2825
1710;804;3233;2657
1712;1487;3046;2457
1713;1512;3031;2120
1715;1371;3011;1973
1718;1064;3117;1869
1719;961;3193;1925
1721;819;3209;2125
1723;705;3221;2305
1724;-219;3289;2571
1726;-999;3370;2743
1727;-1775;3487;2885
1729;-1397;3491;2857
1730;-501;3478;2757
1732;365;3335;2610
1734;1001;3163;2432
1735;1239;2967;2176
1737;1357;2835;2045
1738;1277;2912;1878
1740;1092;3089;1851
1741;1041;3267;1887
1743;1115;3221;2059
1745;675;3221;2277
1746;-283;3268;2470
1748;-1507;3405;2663
1749;-1970;3551;2767
1751;-1635;3593;2773
1752;-728;3590;2761
1754;413;3335;2641
1756;1184;3120;2473
1757;1495;2871;2177
1759;1191;2892;1941
1760;1027;2927;1810
1762;899;3055;1763
1763;892;3127;1871
1765;495;3321;2038
1767;-35;3479;2293
1768;-1099;3595;2567
1770;-1573;3583;2767
1771;-1901;3638;2867
1772;-865;3585;2803
1774;-7;3411;2655
1776;917;3152;2437
1778;957;3045;2139
1781;991;3106;1906
1782;977;3221;1782
1784;1115;3228;1929
1787;699;3282;2177
1789;-227;3359;2450
1790;-1358;3520;2617
1792;-1745;3578;2695
1793;-1047;3543;2713
1795;-49;3371;2665
1798;754;3177;2446
1800;1028;3007;2221
1801;1196;2952;1981
1803;1112;3023;1853
1804;1062;3111;1822
1806;995;3205;1870
1807;955;3242;2013
1809;885;3294;2177
1811;618;3393;2310
1812;159;3443;2446
1814;-450;3483;2530
1815;-1096;3526;2625
1817;-1089;3532;2671
1819;-817;3519;2650
1820;-189;3360;2617
1822;9;3279;2551
1823;333;3176;2432
1825;459;3173;2258
1826;753;3161;2052
1828;1100;3105;1921
1830;1311;3082;1891
1831;1423;3126;1949
1834;1099;3173;2057
1836;960;3228;2183
1837;780;3205;2345
1839;273;3315;2437
1841;-515;3445;2483
1842;-1063;3544;2512
1844;-1058;3592;2586
1845;-454;3500;2603
1848;137;3392;2465
1850;802;3170;2269
1852;1203;3009;2075
1853;1275;3012;1953
1855;1216;3159;1833
1856;1093;3315;1825
1858;1192;3383;1859
1859;1229;3371;2017
1861;1061;3335;2161
1863;353;3324;2363
1864;-700;3387;2517
1866;-1522;3518;2638
1867;-1602;3571;2689
1868;-987;3587;2682
1870;-21;3461;2633
1872;1039;3205;2471
1874;1532;3001;2199
1875;1709;2852;1961
1877;1369;3040;1791
1878;1256;3169;1790
1880;1126;3347;1835
1881;1145;3359;1954
1883;779;3395;2127
1885;350;3338;2283
1886;-549;3383;2495
1888;-1222;3504;2630
1889;-1317;3604;2715
1892;-471;3475;2719
1894;491;3263;2623
1896;1001;3089;2457
1897;1001;3043;2149
1899;1462;2914;1891
1900;1497;3035;1741
1903;1582;3155;1789
1905;1217;3320;1910
1907;1012;3344;2019
1908;742;3219;2248
1910;385;3175;2498
1911;-31;3165;2625
1913;-546;3567;2396
1914;-447;3745;2477
1916;-222;3745;2466
1918;311;3411;2742
1919;475;3372;2570
1921;813;3172;2295
1922;1141;3099;2193
1924;1318;2961;1995
1925;1823;2970;2272
1929;2040;2973;2181
1930;2186;2919;2202
1932;1869;3056;2140
1933;1714;3083;2288
1935;1255;3255;2189
1937;1027;3298;2117
1938;881;3347;2217
1941;976;3337;2577
1943;958;3302;2841
1944;524;3271;2967
1946;290;3159;3053
1948;614;3109;2899
1951;1137;3177;2557
1952;1911;3131;2145
1954;2224;3087;1831
1955;2601;3006;1570
1957;2465;3084;1493
1959;2159;3175;1577
1960;1825;3209;1657
1962;1527;3230;1799
1963;1259;3255;1906
1964;1138;3272;2033
1966;1001;3288;2293
1968;929;3299;2587
1970;801;3340;2875
1971;911;3272;2929
1973;835;3205;2947
1974;758;3153;3007
1976;750;3207;2857
1977;927;3241;2584
1979;1420;3197;2165
1981;1855;3146;1808
1982;2377;3081;1503
1984;2369;3107;1464
1987;2227;3141;1555
1988;1883;3182;1726
1990;1767;3184;1782
1992;1519;3179;1986
1993;1083;3219;2517
1995;407;3291;3043
1996;254;3321;3387
1998;365;3401;3198
1999;1058;3366;2862
2001;1280;3346;2565
2003;1565;3206;2448
2004;1548;3125;2282
2006;1935;3004;1867
2009;2251;2983;1435
2010;2357;3069;1287
2012;2221;3196;1509
2014;2081;3248;1780
2015;1919;3242;1914
2017;1505;3257;2080
2020;995;3285;2373
2021;489;3340;2802
2023;557;3338;2926
2025;545;3349;2864
2026;1008;3297;2593
2028;1231;3202;2413
2031;1626;3165;2251
2032;1601;3189;2196
2034;1517;3299;2145
2036;1435;3347;2081
2037;1605;3321;1918
2039;1869;3239;1761
2040;2181;3165;1663
2042;2290;3146;1717
2043;2290;3155;1855
2045;2191;3169;1901
2047;2215;3149;1813
2048;2046;3126;1715
2050;1765;3135;1787
2051;964;3209;2461
2054;767;3284;2903
2056;671;3364;3154
2058;1262;3347;2804
2059;1569;3295;2545
2060;1738;3178;2457
2062;1693;3113;2343
2064;1711;3067;2135
2067;2186;3061;1654
2069;2609;3107;1262
2070;2697;3179;1273
2072;2482;3203;1481
2073;2201;3128;1769
2075;1872;3098;1983
2077;1363;3135;2297
2078;681;3200;2825
2080;107;3270;3263
2081;13;3330;3312
2083;435;3359;3019
2084;1118;3335;2631
2086;1571;3266;2389
2089;1995;3164;1937
2091;2410;3059;1487
2092;2575;3037;1195
2094;2577;3084;1170
2095;2291;3131;1376
2097;2067;3191;1644
2099;1653;3234;1977
2100;996;3319;2421
2102;275;3310;3065
2103;171;3291;3341
2105;327;3354;3281
2106;1070;3369;2815
2108;1393;3366;2571
2110;1886;3223;2331
2111;2151;3074;1927
2113;2453;2951;1480
2114;2442;2977;1219
2116;2349;3059;1289
2117;2079;3151;1455
2119;1832;3187;1624
2121;1566;3211;1819
2122;912;3272;2458
2125;652;3285;2997
2127;461;3326;3301
2128;1008;3297;3063
2130;1348;3274;2679
2132;1427;3226;2541
2133;1507;3170;2195
2136;1835;3074;1764
2138;2434;3001;1196
2139;2542;3075;1063
2141;2393;3143;1281
2143;2061;3199;1599
2144;1893;3199;1885
2146;1532;3276;2076
2147;1027;3346;2418
2149;755;3327;2707
2152;809;3315;2861
2154;1245;3293;2744
2155;1588;3300;2475
2156;1667;3270;2383
2158;1653;3208;2174
2160;1777;3156;1951
2161;2198;3111;1471
2163;2358;3177;1251
2165;2407;3265;1197
2166;2180;3288;1419
2168;2083;3221;1657
2169;1711;3156;1924
2171;1091;3205;2451
2174;667;3283;2843
2176;603;3301;3047
2177;933;3331;2861
2179;1262;3311;2615
2180;1449;3273;2506
2183;1656;3155;2275
2185;1821;3089;1934
2187;2204;3091;1445
2188;2415;3157;1233
2190;2401;3173;1398
2193;2065;3231;1692
2195;1705;3201;1923
2196;1275;3239;2134
2198;854;3207;2487
2199;361;3233;2982
2201;411;3227;3217
2202;552;3320;3151
2204;1245;3348;2730
2206;1573;3339;2375
2207;1873;3210;2157
2209;1909;3119;2018
2210;2177;3041;1709
2212;2448;3035;1353
2213;2473;3071;1275
2215;2262;3151;1424
2217;1992;3211;1687
2218;1830;3174;1894
2220;1707;3126;2103
2221;1392;3145;2393
2223;996;3234;2714
2224;602;3268;3062
2226;666;3261;3064
2228;952;3229;2881
2229;1358;3236;2519
2231;1559;3228;2357
2232;1634;3181;2229
2234;1567;3188;2197
2235;1765;3169;1936
2237;2142;3181;1511
2239;2539;3168;1278
2242;2613;3148;1292
2243;2529;3121;1589
2245;2131;3116;1703
2246;1898;3061;1951
2248;1173;3089;2617
2252;488;3097;3082
2254;-341;3277;3176
2256;-464;3375;2633
2257;-147;3397;2493
2261;9;3383;2299
2262;601;3206;2233
2264;1331;3070;1938
2265;2514;2755;1936
2267;2707;2679;1844
2268;2503;2686;2034
2270;1443;2817;2137
2272;1078;2925;2419
2273;157;2915;2575
2275;-385;3171;2829
2276;-932;3331;2942
2278;-793;3609;2921
2279;-153;3535;2831
2281;652;3466;2558
2283;1469;3185;2314
2284;2384;2937;1886
2286;2499;2779;1682
2287;2401;2877;1674
2289;2001;2985;1867
2290;1332;3089;2121
2292;571;3173;2456
2294;-393;3243;2943
2295;-465;3407;3145
2297;-28;3420;3061
2300;820;3414;2688
2301;1570;3214;2409
2303;2052;3045;1993
2305;2430;2921;1674
2306;2311;2958;1619
2309;2198;3049;1714
2311;1453;3193;1891
2313;974;3253;2091
2314;7;3309;2565
2316;-546;3436;3018
2317;-716;3561;3209
2319;304;3504;2950
2322;1395;3225;2591
2324;2195;3045;2144
2325;2129;2968;1820
2327;1816;3089;1723
2328;1260;3147;1883
2330;873;3304;2047
2331;936;3351;2078
2333;1213;3385;2099
2335;1449;3390;2241
2336;1515;3387;2378
2338;1480;3329;2407
2339;1410;3266;2359
2341;1296;3247;2303
2342;1280;3253;2232
2344;1341;3302;2093
2346;1389;3341;2019
2347;1378;3400;1978
2348;1412;3399;1993
2350;1551;3392;1981
2352;1723;3400;1931
2353;1790;3368;1934
2355;1747;3243;1905
2357;1135;2090;1285
