0;2946;3294;598
1;2980;3423;577
2;2963;3468;515
3;2937;3445;453
4;2785;3429;360
5;2429;3481;401
6;2238;3581;309
7;2413;3648;321
8;2695;3685;299
9;2691;3739;495
10;2340;3769;575
11;2158;3731;449
12;2331;3387;802
16;2814;3030;1273
17;3278;2705;1861
19;3178;2855;1926
20;2885;3104;1855
22;2479;3452;1791
23;2474;3839;1245
25;1839;4293;483
27;1144;4595;-373
28;771;4545;-923
30;969;4241;-1159
31;1675;3738;-895
33;2464;3271;122
34;3086;3125;1372
38;3189;3508;1637
42;2702;4038;994
44;1943;4422;-9
45;1143;4583;-677
47;661;4479;-904
49;1455;3933;-215
52;2797;3188;1245
53;4327;2720;2737
55;4441;2912;3279
56;3893;3296;2935
58;2975;4003;1680
60;2295;4553;587
61;1246;4701;-251
63;369;4359;-507
64;264;3893;-755
66;964;3641;-722
67;2117;3229;342
69;2917;2846;1669
70;3996;2748;2825
72;3785;2955;2746
74;3265;3421;2195
75;1949;3948;1320
77;1155;4255;787
79;319;4377;376
80;213;4187;432
82;243;4075;481
83;925;3697;905
85;1284;3435;1309
86;1999;3224;2134
90;2160;3285;2475
91;2055;3635;2334
93;1587;4015;1554
94;1284;4251;920
96;1098;4172;668
97;1084;4058;720
101;1149;3961;854
102;1599;3809;1050
104;1913;3577;1387
105;2492;3413;1811
107;2581;3469;1981
110;2592;3663;1784
112;2199;3877;1309
113;2025;3935;954
115;1908;3931;668
116;1587;3854;611
118;1299;3748;671
119;983;3593;916
121;1027;3443;1167
123;1252;3341;1509
124;1752;3265;1799
126;2331;3251;1966
127;2865;3340;1993
129;2986;3489;1852
130;2781;3617;1567
132;2231;3851;1115
134;1733;4081;763
135;999;4255;628
137;552;4193;629
138;449;4073;768
140;869;3963;871
141;1345;3898;805
143;1787;3803;1139
145;2023;3715;1618
146;2784;3646;2414
148;3141;3680;2591
149;3375;3779;2256
151;2454;4111;1537
154;1199;4291;895
156;1;4337;487
157;-367;4053;192
159;-27;3850;-120
160;831;3484;-127
162;1710;3198;341
163;2859;3104;1281
165;3523;3336;1865
168;3430;3732;1739
170;2444;4195;1019
171;1167;4461;488
173;140;4495;415
174;-311;4223;258
176;38;4005;64
178;853;3643;5
179;1953;3334;1039
181;2858;3303;2159
182;3201;3617;2707
185;2795;3890;2200
187;1929;4087;1347
189;727;4118;821
190;-165;4181;317
192;-524;4045;101
193;50;3874;-101
195;873;3579;110
196;1821;3330;1122
198;2996;3212;2335
200;3907;3273;3231
201;3983;3519;2697
203;2578;4021;1264
206;899;4435;-35
207;-361;4511;-845
209;-287;4101;-907
211;402;3557;-490
212;1388;3184;1151
214;2435;3159;3024
215;3155;3255;3987
217;3255;3604;3035
219;2201;4086;1489
220;983;4569;247
222;-200;4684;-277
223;-537;4265;-639
226;-365;3617;-87
228;476;3145;1852
230;1555;2957;4193
231;2317;3041;5460
233;2339;3147;4779
234;1670;3683;3159
236;893;4221;1468
237;153;4547;253
239;-558;4329;-451
241;-860;4065;-712
242;-455;3645;-223
244;513;3154;1011
245;1603;2821;2787
248;2207;2793;3899
250;2432;3125;3538
252;1868;3713;2304
253;1136;4158;921
255;62;4289;429
256;-945;4154;57
258;-1267;4045;70
259;-678;3770;367
261;407;3281;1199
262;1205;2874;2631
264;2396;2643;4147
266;2702;2637;4785
267;2910;2761;3766
269;1415;3367;1983
270;563;3930;518
272;-819;4343;-273
274;-1291;4211;-623
275;-1199;3862;-386
277;-383;3368;702
278;872;3067;2746
280;1754;2968;4611
281;2164;3415;4222
285;1699;4028;2777
286;848;4391;805
288;-148;4523;318
289;-551;4217;15
291;-533;3982;72
292;82;3386;683
294;887;2974;2090
296;1710;2735;3527
297;2332;2809;4462
299;2207;2945;4047
300;1501;3567;2767
302;733;4199;1371
303;31;4781;370
305;-543;4808;-93
307;-761;4609;-158
308;-475;4156;-151
310;71;3593;439
311;583;3069;2045
313;1141;2861;3921
314;2063;2834;5021
316;2420;3178;3817
318;2275;3809;2040
319;996;4314;305
322;-253;4374;-455
324;-1018;3974;-807
325;-925;3558;-566
326;173;3216;1200
329;1192;2966;3118
330;2023;3345;3468
335;2151;3817;2430
335;1738;4452;1022
336;857;4477;726
338;-581;4519;112
340;-851;4086;51
343;-331;3601;617
344;1497;3202;2271
346;2723;2974;3578
347;3392;3065;3955
349;3428;3309;2825
351;2346;4005;1513
352;1167;4535;357
354;-719;4656;-241
355;-1527;4334;-585
357;-1521;3970;-589
358;-141;3479;568
360;1342;3161;2244
362;2923;2905;3983
363;3167;3059;3939
365;3109;3186;2859
366;1813;3781;1301
368;859;4221;414
369;-377;4539;-146
371;-966;4373;-421
373;-1227;4103;-303
374;-671;3730;835
376;597;3409;2373
377;2419;3199;3705
379;3525;3286;3861
380;3380;3266;3113
382;2323;3541;2141
384;947;3666;1237
385;51;3933;1089
387;-494;3907;1105
388;-94;3865;1400
390;727;3867;1329
392;1464;4013;1131
393;1847;4206;808
395;1833;4171;877
396;1675;4026;1066
398;1929;3879;1109
401;1745;4039;705
403;1352;4161;207
404;525;4363;427
406;51;4247;1128
407;270;4145;1669
409;449;4025;1647
410;843;4035;1466
412;1113;3908;1295
414;1611;3717;1187
415;2584;3569;1377
417;3435;3560;1965
418;3551;3679;2005
420;2952;3675;1901
421;1967;3723;1611
422;967;3943;1227
425;239;4181;723
426;-150;4327;-57
428;21;4137;-383
429;609;3763;-520
431;1577;3328;381
432;2975;3116;1983
434;3252;3315;2944
436;2749;3799;2307
439;1217;4413;771
440;277;4687;-265
442;-310;4576;-581
443;-159;4115;-749
445;447;3609;-229
447;1105;3255;1138
448;2173;3139;2969
450;2847;3307;3946
451;3213;3737;3333
453;2714;4157;2120
454;1621;4443;839
456;425;4434;-125
459;117;4011;-529
461;485;3557;-421
462;1537;3148;1045
464;2117;3063;2520
465;2675;3118;3576
467;2545;3475;3094
469;2307;4033;2064
470;1357;4526;906
472;556;4639;563
473;-627;4473;297
475;-1029;4299;101
476;-844;4081;-291
478;67;3667;525
480;1103;3285;1813
481;2118;3139;3381
483;2483;3291;3674
484;2280;3691;2819
486;1828;4167;1684
487;863;4523;756
489;7;4422;499
491;-1065;4151;144
492;-1132;3855;-313
494;-963;3649;-177
495;-206;3359;1222
497;476;3190;2939
498;1616;3223;3980
500;1811;3607;3281
502;1952;3945;2168
503;1071;4212;1087
505;571;4131;727
506;-463;3931;538
508;-959;3707;336
509;-1533;3557;373
511;-1265;3489;1053
513;-752;3463;2143
514;424;3557;3206
517;1241;3710;3487
518;1677;3973;2835
520;1537;4024;1874
522;936;3947;931
524;162;3749;643
525;-844;3704;449
527;-1639;3802;211
528;-1770;3815;247
530;-1323;3730;556
531;-318;3580;1563
533;651;3491;2675
535;1430;3437;3559
536;1691;3576;3505
538;1603;3784;2728
539;1309;4052;1582
541;601;4087;837
543;-151;3956;548
544;-1141;3934;178
546;-1415;3933;-53
547;-1243;3905;21
549;-530;3651;921
550;499;3396;2288
552;1208;3379;3132
555;1631;3594;2832
557;1642;3847;1976
558;1041;3969;1058
560;114;3909;927
561;-1297;3883;550
563;-1641;3844;484
566;-1059;3703;1041
568;309;3502;2077
569;1333;3346;3099
571;2175;3325;3485
572;2030;3535;2737
576;1301;3784;1772
577;92;3930;693
579;-914;3864;510
580;-1633;3789;396
582;-1982;3825;310
583;-1645;3821;740
585;-635;3715;1817
587;337;3603;2979
588;1363;3489;3519
590;1754;3503;3291
591;1799;3584;2509
593;1555;3653;1713
594;955;3698;1032
596;143;3671;850
598;-905;3731;813
599;-1578;3814;797
601;-1745;3912;737
602;-1468;3948;1000
604;-847;3860;1495
605;-57;3699;2363
607;755;3505;2893
609;1333;3447;3168
610;1489;3514;2587
612;1325;3614;1908
613;1081;3636;1279
614;416;3709;1033
616;-493;3887;703
618;-1357;4006;514
620;-1500;3965;691
621;-799;3795;1462
624;230;3648;2254
626;1255;3515;2907
627;1647;3577;2719
629;1627;3693;2087
631;733;3850;1223
634;-67;3799;817
635;-1127;3865;723
637;-1559;3930;726
638;-1597;4015;814
640;-750;3840;1539
642;515;3617;2502
643;1758;3396;3431
645;2257;3368;3411
646;2175;3469;2543
648;1775;3622;1562
649;1147;3708;871
651;84;3715;726
653;-1047;3778;479
654;-1659;3854;376
656;-1533;3906;665
657;-888;3802;1555
659;-49;3722;2495
660;918;3591;3170
662;1385;3599;3024
664;1535;3574;2471
665;1306;3629;1695
667;965;3683;1260
668;28;3760;850
671;-840;3866;762
673;-1371;3942;980
675;-991;3964;1572
676;-151;3903;2227
678;719;3777;2628
679;1399;3693;2764
681;1676;3669;2592
682;1817;3693;2065
684;1150;3845;1258
687;37;4038;422
689;-1198;4181;143
692;-1044;4015;819
694;-221;3750;1886
695;983;3474;2997
697;1757;3337;3493
698;2187;3374;3281
700;2205;3495;2503
701;1547;3753;1503
703;593;3804;865
705;-750;4000;420
706;-1647;4051;170
708;-1699;4109;125
709;-1039;3973;478
710;314;3715;1738
714;1408;3608;2809
716;1932;3548;3167
717;1839;3681;2266
719;1256;3784;1371
720;313;3927;775
722;-896;3899;630
723;-1949;3931;257
725;-1859;3843;375
727;-1296;3789;905
728;136;3629;2345
730;1111;3504;3247
731;1902;3534;3603
733;1962;3598;2916
734;2015;3761;2039
736;1075;3854;1106
738;-301;3945;463
739;-1592;3959;51
741;-1685;3904;3
742;-934;3755;653
744;-1;3592;1685
745;1129;3471;2931
747;1756;3488;3233
749;1858;3591;2915
750;1257;3645;2069
752;547;3655;1652
753;-113;3649;1231
755;-422;3789;970
756;-55;3865;1041
760;572;3954;1432
761;970;4031;1669
763;931;4129;1515
764;723;4157;1283
766;636;4149;1094
767;525;4111;1059
769;586;4016;1153
772;623;3973;1271
774;709;3911;1249
775;724;3919;1204
777;751;3924;1128
778;781;4043;1055
780;793;4115;978
782;857;4156;995
783;996;4127;997
785;1045;4119;987
788;991;4100;959
789;929;4098;925
791;940;4095;943
793;935;4095;1001
794;943;4135;1085
796;924;4165;1129
797;963;4153;1129
799;981;4042;1146
800;1136;3997;1070
802;1261;3985;1003
804;1285;3999;978
805;1192;3953;1032
806;1026;3953;1098
808;915;3960;1126
810;865;4022;1122
811;907;4084;1003
813;1012;4050;943
815;1285;3865;1025
818;1636;3623;1424
819;1945;3503;1931
821;1731;3563;2292
822;1657;3763;2199
824;891;4091;1418
826;551;4447;579
827;-377;4667;-219
829;-789;4643;-774
830;-702;4373;-1126
832;267;3793;433
835;2157;3317;2529
837;3060;3231;3941
838;3020;3821;2705
840;1810;4444;1085
841;663;4569;180
843;1;4164;133
845;-71;3637;418
846;315;3223;1086
848;697;2990;2165
849;1271;2971;3356
851;1443;3317;3695
852;1437;3927;3074
854;611;4348;1703
857;-50;4474;385
859;-396;4219;-193
860;109;3912;-217
862;651;3593;383
863;1431;3445;1919
867;1553;3557;2895
868;1633;3921;2891
870;1061;4323;1697
871;563;4526;679
873;-242;4559;211
874;-813;4285;-116
876;-634;3923;-51
879;34;3469;1098
881;929;3248;2517
882;1600;3397;3764
884;1680;3884;3518
885;1404;4253;2413
887;407;4393;1161
889;-138;4335;195
890;-414;4167;-1
892;-153;3907;206
893;270;3531;1027
895;735;3444;1696
896;837;3462;2414
898;885;3556;2703
900;819;3643;2763
901;849;3815;2331
902;594;4042;1709
904;413;4064;1052
906;315;3909;705
907;707;3703;972
909;1078;3523;1583
911;1605;3387;2195
912;1960;3361;2420
914;2048;3443;2505
915;2193;3539;2131
917;2048;3773;1565
918;1435;4069;825
920;277;4421;457
922;-259;4257;325
925;-151;3924;517
926;1057;3460;1755
929;1900;3405;2689
931;2581;3557;2695
933;2227;3915;1579
934;909;4171;511
936;-362;4297;142
937;-907;4105;24
939;-392;3821;281
940;778;3463;1437
942;1915;3395;2701
944;2713;3429;3592
945;2581;3735;2916
947;1761;3989;1747
948;645;4264;460
950;-166;4326;-138
951;-350;4163;-477
953;285;3781;339
955;1247;3439;1627
956;2100;3424;2890
958;2498;3636;3105
959;2447;3929;2342
961;1595;4293;1236
962;605;4554;87
964;-70;4465;-487
966;73;4130;-747
967;846;3544;162
969;1741;3233;1577
970;2503;3153;3221
972;2805;3489;3616
973;2485;3835;2910
975;1538;4177;1395
977;308;4482;37
978;-362;4489;-684
980;162;3950;143
983;1463;3399;1906
985;2600;3227;3680
986;2725;3512;3695
988;2327;3803;2697
989;1339;4182;1065
991;251;4499;127
992;-640;4463;-623
994;-324;3945;-71
997;639;3329;1203
998;1940;3095;2966
1000;2192;3320;3413
1002;1839;3937;2395
1005;443;4326;760
1007;-153;4382;-212
1010;-177;3997;26
1011;1047;3531;1569
1013;2051;3303;3155
1014;2513;3368;3785
1016;2032;3741;2688
1018;1327;4125;1282
1019;249;4358;186
1021;-636;4434;-345
1022;-1138;4357;-696
1024;-223;3911;529
1027;1201;3548;2325
1029;2441;3255;4085
1030;2549;3517;3503
1032;2209;3897;2101
1033;1236;4287;519
1035;247;4414;-117
1036;-675;4219;-297
1038;-965;3943;-109
1040;-503;3639;659
1041;211;3518;2055
1043;1153;3395;3452
1044;1559;3599;3842
1046;1661;3813;3027
1047;1220;4174;1661
1049;667;4223;889
1051;-84;4183;549
1052;-421;4043;814
1054;-309;3966;1104
1055;241;3949;1478
1057;656;3963;1699
1058;1100;3933;1803
1060;1255;3778;1694
1062;1190;3555;1451
1063;874;3283;1286
1065;701;3123;1255
1066;678;3020;1634
1068;896;3044;2047
1069;1055;3265;2641
1071;1151;3575;2727
1073;1118;3891;2629
1074;834;4183;1995
1076;557;4337;1456
1077;109;4432;823
1079;-279;4336;405
1080;-337;4186;178
1082;25;3985;29
1084;617;3649;372
1085;1071;3357;1274
1087;1407;3251;2606
1090;1560;3418;3167
1091;1632;3732;2714
1093;1123;3949;1837
1094;688;4005;1225
1096;-392;4104;786
1099;-665;4155;645
1101;-527;4049;933
1103;289;3713;1737
1104;1243;3357;2843
1106;2057;3217;3682
1107;2251;3247;3397
1109;2038;3369;2363
1110;1031;3700;1016
1112;106;3971;336
1114;-1039;4053;-52
1115;-1561;4015;-61
1117;-1503;3947;402
1118;-759;3961;1456
1120;197;3887;2504
1121;1250;3743;3408
1123;1528;3733;3041
1125;1593;3720;2352
1126;1297;3719;1406
1128;1009;3687;1121
1129;489;3677;817
1131;-239;3837;583
1132;-673;3985;711
1136;-705;4110;1145
1137;-170;4022;1878
1139;497;3872;2356
1140;1303;3597;2885
1142;1788;3499;2914
1143;1911;3548;2325
1145;1674;3604;1578
1147;1318;3651;984
1148;563;3696;777
1150;-401;3886;671
1151;-1464;3993;727
1153;-1651;4041;975
1154;-733;3882;1832
1158;710;3686;2663
1159;1882;3450;3321
1161;2025;3433;2966
1162;1804;3501;2199
1164;1507;3597;1461
1165;604;3704;812
1167;-592;3916;429
1169;-1746;4097;138
1170;-1591;4171;311
1172;-883;4057;691
1173;172;3825;1608
1175;971;3611;2535
1176;1782;3454;3365
1178;1978;3535;2945
1180;1913;3683;2118
1181;949;3929;1039
1183;114;3970;564
1184;-1121;4013;285
1186;-1545;3997;238
1187;-1321;3973;653
1189;-423;3837;1343
1190;869;3647;2367
1192;1779;3548;2958
1194;2246;3598;2884
1195;2179;3687;2052
1197;1725;3815;1247
1198;966;3873;645
1200;-277;3951;403
1202;-1417;4017;310
1203;-1536;4087;551
1205;-1043;4036;985
1206;29;3848;1753
1208;732;3638;2601
1209;1555;3495;3361
1211;1795;3541;2961
1213;1688;3599;2090
1216;621;3814;869
1217;-519;3968;304
1219;-1585;4079;34
1220;-1533;4118;309
1222;-886;4030;1051
1224;119;3933;2010
1225;1097;3722;2927
1227;1643;3671;2719
1230;1917;3669;2112
1231;1435;3729;1077
1233;621;3844;591
1235;-794;3968;285
1238;-1550;4106;259
1239;-1404;4075;877
1241;-527;3951;1735
1242;657;3773;2751
1244;1477;3607;3237
1246;2004;3594;3003
1247;1968;3606;2175
1249;1636;3685;1383
1250;897;3729;779
1252;-299;3877;485
1254;-1535;4041;204
1255;-1667;4161;365
1257;-1077;4105;792
1258;165;3899;1723
1260;1072;3675;2620
1261;1908;3558;3199
1263;1987;3619;2634
1265;1956;3703;1779
1266;1049;3862;773
1268;416;3907;385
1269;-904;4025;79
1271;-1032;4011;245
1274;-647;3915;1127
1276;634;3709;2281
1277;1709;3485;3472
1279;2106;3483;3596
1280;2086;3595;2825
1282;1854;3748;1674
1283;785;3847;593
1285;-327;3953;181
1286;-1883;4101;-147
1288;-1823;4182;100
1290;-1332;4069;708
1291;90;3855;1943
1293;1163;3624;2819
1296;1859;3581;2637
1298;1819;3628;1734
1299;755;3877;659
1301;-348;3932;206
1302;-1570;3981;-61
1304;-1800;3931;61
1305;-1321;3871;767
1307;21;3771;1946
1309;1355;3531;3157
1310;2008;3547;3501
1312;1967;3583;2887
1313;1799;3685;1902
1315;1346;3696;1203
1316;541;3778;655
1318;-895;4020;283
1320;-1797;4130;-1
1321;-1600;4113;298
1323;-619;3853;1105
1324;725;3653;2378
1326;1506;3501;3550
1327;1953;3539;3661
1329;1619;3701;2647
1332;541;3925;1131
1334;-591;3959;247
1335;-1598;4028;-133
1337;-1587;4032;-78
1338;-408;3929;1038
1342;973;3699;2429
1343;1998;3553;3371
1345;1940;3710;2757
1346;1695;3853;1779
1348;1153;3934;967
1349;54;3991;458
1350;-791;3945;281
1353;-1023;3935;309
1354;-415;3648;914
1356;255;3485;1814
1357;1038;3275;3101
1359;1616;3319;3835
1360;1871;3522;3410
1362;1639;3733;2314
1364;843;3969;1153
1365;-37;3988;600
1367;-1203;4015;280
1368;-1563;3929;254
1370;-1411;3957;445
1371;-521;3823;1206
1373;492;3711;2369
1375;1363;3489;3522
1376;1713;3576;3441
1378;1652;3655;2597
1379;1095;3873;1391
1381;500;3936;634
1382;-519;3915;117
1384;-1183;3885;-118
1386;-1437;3894;41
1387;-769;3861;851
1389;99;3777;1943
1390;964;3631;3178
1392;1498;3602;3715
1393;1623;3693;3278
1395;1492;3829;2213
1397;679;3993;1022
1398;-397;4019;333
1400;-1389;4029;-42
1401;-1601;4041;-118
1403;-1048;4014;81
1404;-223;3817;907
1406;777;3531;2251
1408;1563;3320;3676
1409;1765;3433;3725
1411;1612;3605;2907
1412;1176;3775;1711
1414;495;3891;953
1415;-549;4070;309
1417;-1559;4140;-59
1419;-1766;4063;-41
1420;-1429;3917;599
1422;-649;3805;1461
1423;278;3714;2657
1425;1079;3610;3453
1426;1536;3703;3414
1428;1590;3814;2438
1430;1468;3922;1325
1431;779;3809;551
1433;-435;3773;243
1434;-1579;3837;-55
1436;-1634;3927;351
1438;-891;3907;1089
1439;375;3773;2293
1441;1303;3645;3193
1442;1725;3659;3429
1444;1655;3691;2853
1445;477;3852;1543
1449;-269;3812;642
1450;-1504;3948;15
1452;-1523;3981;99
1453;-1332;4026;552
1455;-443;3881;1415
1456;691;3676;2515
1458;1427;3538;3063
1460;1751;3564;2903
1461;1513;3654;2081
1463;1314;3679;1380
1464;383;3722;768
1466;-428;3826;476
1467;-1596;4066;184
1469;-1483;4105;525
1471;-1139;4041;1068
1472;-67;3831;2027
1474;899;3605;2823
1475;1635;3499;3204
1477;1791;3531;2795
1478;1595;3663;1985
1480;998;3723;1253
1482;-85;3801;681
1483;-1390;3977;445
1485;-2225;4069;261
1486;-1834;4065;575
1488;-1024;3911;1009
1489;137;3725;2015
1491;995;3495;2987
1493;1581;3457;3409
1494;1599;3573;2731
1496;1221;3723;1744
1497;270;3873;877
1499;-561;3948;407
1500;-1634;4029;97
1502;-1474;3965;294
1504;-732;3773;1421
1507;579;3579;2597
1508;1420;3433;3381
1510;1583;3536;3006
1511;1471;3669;2191
1513;922;3751;1325
1515;-115;3791;639
1516;-1389;3944;277
1518;-2117;4039;113
1519;-1771;4091;527
1521;-973;4011;1077
1522;61;3830;2107
1524;861;3637;2913
1526;1339;3551;2771
1529;1472;3563;2106
1530;713;3715;993
1533;-205;3837;599
1535;-986;4060;374
1537;-969;4165;583
1538;-348;4123;1199
1540;192;3999;1776
1541;638;3885;2270
1542;878;3737;2511
1544;979;3679;2155
1548;998;3588;1736
1549;760;3652;1230
1551;263;3622;1127
1552;-35;3753;1102
1555;-258;3853;1267
1557;97;3917;1699
1559;453;3966;1929
1560;953;4035;2028
1562;1122;4083;1842
1563;1055;3926;1823
1565;923;3777;1636
1566;775;3777;1474
1568;701;3847;1271
1570;604;3874;1281
1571;753;3803;1385
1573;912;3755;1542
1574;1122;3743;1689
1576;1165;3786;1796
1577;1155;3791;1815
1579;1151;3771;1809
1581;1135;3783;1832
1582;1181;3815;1819
1584;1168;3849;1737
1585;1153;3782;1736
1587;1113;3645;1974
1589;1129;3547;2055
1590;1212;3562;1818
1592;1253;3634;1405
1593;1291;3643;1482
1595;1281;3575;1793
1596;1366;3551;1921
1598;1491;3547;1762
1600;1610;3573;1636
1601;1613;3597;1801
1603;1542;3656;1743
1604;1651;3591;1705
1606;1865;3470;1600
1607;2112;3318;1629
1609;2039;3452;1427
1611;1964;3578;1389
1614;1793;3705;1441
1615;1764;3635;1623
1617;1575;3624;1642
1618;1520;3607;1666
1620;1475;3598;1705
1622;1505;3571;1729
1623;1531;3581;1753
1625;1523;3634;1817
1626;1483;3703;1889
1628;1383;3744;1948
1629;1284;3711;1981
1631;1229;3674;1936
1633;1198;3638;1878
1634;1313;3612;1823
1636;1479;3553;1790
1637;1627;3537;1665
1638;1807;3519;1494
1640;2070;3489;1353
1642;2236;3490;1327
1644;2185;3541;1317
1645;2015;3591;1383
1647;1856;3549;1364
1648;1530;3592;1503
1650;1105;3672;1651
1651;701;3741;1965
1653;568;3734;2242
1655;754;3739;2363
1656;1023;3744;2261
1658;1233;3719;2120
1659;1383;3631;2020
1661;1554;3533;1948
1662;1685;3486;1733
1664;1595;3526;1579
1666;1414;3583;1597
1667;1393;3599;1617
1669;1477;3570;1555
1670;1630;3571;1419
1672;1681;3608;1387
1673;1604;3637;1487
1675;1527;3660;1624
1677;1461;3654;1787
1678;1380;3701;1914
1681;1377;3715;1930
1683;1483;3741;1567
1686;1869;3616;1277
1688;2148;3511;1092
1689;2191;3417;1431
1691;1911;3479;1754
1692;1457;3592;1946
1694;1101;3710;1875
1695;821;3772;1827
1697;754;3743;1855
1699;757;3703;1911
1700;932;3700;1788
1702;1099;3729;1641
1703;1100;3688;1612
1705;983;3622;1723
1706;844;3596;1831
1708;880;3634;1795
1710;976;3647;1789
1711;1097;3641;1897
1713;1093;3641;2041
1714;1062;3655;2041
1716;964;3654;1881
1717;1010;3628;1809
1719;1102;3627;1771
1721;1289;3623;1727
1722;1363;3637;1647
1724;1359;3622;1591
1725;1157;3641;1707
1727;1038;3665;1771
1729;967;3714;1832
1730;1024;3729;1801
1732;1033;3714;1849
1733;1106;3672;1862
1734;1363;3607;1771
1736;1523;3615;1619
1740;1591;3643;1476
1741;1547;3664;1456
1743;1538;3651;1483
1744;1338;3629;1616
1746;1125;3643;1713
1747;793;3657;1813
1749;383;3671;2056
1752;305;3656;2201
1754;411;3659;2303
1755;838;3682;2180
1757;884;3725;2147
1758;945;3703;2088
1760;1070;3627;1886
1762;1261;3548;1686
1763;1498;3505;1530
1765;1743;3465;1476
1766;1773;3485;1464
1768;1606;3551;1478
1769;1341;3612;1607
1771;1273;3641;1679
1773;1375;3612;1740
1774;1442;3613;1718
1776;1460;3592;1735
1777;1199;3617;1791
1779;981;3614;1911
1780;563;3644;2099
1782;372;3641;2269
1784;298;3631;2304
1785;431;3645;2227
1787;601;3649;2161
1788;816;3657;2123
1790;1079;3638;2036
1791;1375;3548;1879
1793;1661;3480;1638
1795;1778;3445;1512
1798;1813;3475;1434
1799;1630;3532;1529
1801;1581;3561;1597
1802;1419;3589;1705
1804;1208;3600;1836
1806;909;3595;2031
1807;516;3616;2267
1809;260;3645;2478
1810;269;3655;2467
1812;481;3650;2358
1813;764;3644;2187
1815;938;3605;2107
1817;1253;3542;1933
1818;1553;3463;1702
1820;1845;3435;1477
1821;1919;3443;1296
1823;1830;3482;1272
1824;1651;3537;1373
1826;1604;3565;1511
1828;1517;3579;1629
1829;1312;3594;1749
1830;1009;3599;1963
1832;526;3604;2247
1834;63;3652;2540
1835;49;3687;2545
1837;263;3714;2481
1839;749;3626;2298
1840;963;3599;2155
1842;1389;3520;1915
1843;1879;3439;1551
1846;2029;3422;1341
1848;1971;3473;1245
1850;1681;3549;1305
1851;1501;3541;1441
1853;1008;3591;1729
1856;355;3635;2158
1857;-256;3729;2665
1859;-305;3792;2794
1861;112;3831;2752
1862;843;3770;2378
1864;1327;3629;2105
1865;1669;3478;1746
1867;1991;3337;1409
1869;2198;3267;1127
1870;2123;3337;1021
1872;1813;3420;1118
1873;1420;3529;1292
1875;1161;3574;1458
1876;667;3620;1847
1878;199;3649;2421
1880;-167;3701;2887
1881;-81;3818;2917
1883;391;3807;2667
1884;955;3726;2287
1886;1329;3559;2021
1887;1477;3501;1749
1889;1395;3486;1580
1891;1197;3518;1541
1892;958;3532;1621
1894;772;3543;1795
1895;750;3610;1875
1897;947;3663;1863
1898;1390;3663;1795
1900;1957;3553;1613
1902;2223;3535;1426
1903;2046;3541;1389
1905;1637;3576;1518
1906;1372;3537;1625
1908;1261;3571;1650
1909;1175;3622;1657
1911;1063;3669;1772
1914;1088;3647;1851
1916;1039;3645;1923
1917;985;3621;1979
1919;656;3610;2134
1920;421;3589;2307
1922;342;3588;2309
1924;489;3638;2236
1925;705;3683;2095
1926;855;3705;2011
1928;1040;3643;1919
1930;1217;3582;1819
1931;1511;3531;1687
1933;1824;3496;1522
1935;2090;3456;1392
1936;2060;3486;1367
1938;1895;3543;1401
1939;1665;3593;1477
1941;1593;3570;1528
1942;1383;3547;1640
1944;1179;3573;1755
1946;1015;3592;1884
1947;945;3622;1961
1949;910;3609;2038
1950;865;3619;2085
1952;800;3634;2137
1953;792;3617;2166
1955;785;3583;2178
1957;903;3567;2122
1960;936;3574;2098
1961;1004;3611;1997
1963;1081;3589;1913
1964;1195;3559;1848
1966;1147;3563;1943
1968;1087;3597;2055
1969;1255;3585;1996
1972;1679;3517;1715
1974;2116;3433;1360
1975;2137;3477;1185
1977;1961;3497;1262
1979;1681;3531;1433
1980;1531;3541;1599
1982;1379;3578;1730
1983;1289;3610;1867
1985;1211;3616;1927
1986;1121;3636;1999
1988;1084;3624;1970
1990;1063;3595;1956
1991;1151;3546;1895
1993;1177;3525;1885
1994;1189;3519;1893
1996;1099;3517;1916
1997;907;3547;2035
1999;723;3570;2207
2001;719;3575;2275
2002;821;3578;2233
2004;957;3577;2141
2005;1015;3620;2081
2007;1197;3573;1978
2009;1351;3507;1889
2010;1362;3486;1907
2012;1236;3525;1973
2013;1211;3581;1980
2015;1324;3577;1859
2016;1578;3541;1675
2018;1909;3489;1396
2020;2115;3471;1203
2021;2073;3521;1154
2022;1836;3593;1318
2024;1579;3601;1492
2026;1465;3593;1610
2027;1341;3559;1713
2031;1260;3578;1786
2032;1155;3573;1863
2034;1093;3572;1923
2035;1041;3568;1980
2037;952;3577;2059
2038;787;3598;2169
2040;691;3574;2289
2042;736;3559;2305
2043;857;3599;2205
2045;1003;3659;2109
2046;1097;3645;2030
2048;1265;3537;1915
2049;1344;3435;1784
2051;1313;3435;1765
2053;1125;3499;1881
2054;967;3586;2081
2056;912;3647;2211
2057;1068;3677;2163
2059;1353;3657;1949
2060;1731;3553;1633
2062;2037;3479;1337
2064;2095;3470;1164
2065;1984;3543;1190
2067;1789;3557;1315
2068;1619;3547;1473
2070;1351;3563;1602
2071;1152;3602;1783
2073;879;3648;1953
2075;709;3632;2203
2076;709;3613;2343
2079;831;3573;2379
2081;1002;3573;2273
2082;1104;3557;2095
2084;1186;3514;1951
2086;1310;3526;1816
2089;1296;3591;1795
2090;1407;3648;1753
2092;1517;3601;1672
2093;1774;3511;1520
2095;1821;3491;1457
2098;1761;3497;1486
2100;1578;3505;1584
2101;1447;3513;1703
2103;1359;3537;1734
2104;1165;3605;1825
2106;901;3628;1943
2108;583;3661;2169
2109;329;3653;2357
2111;498;3587;2413
2112;803;3545;2268
2114;1082;3519;2143
2115;1164;3558;2109
2117;1189;3539;2178
2118;1237;3501;2131
2120;1390;3506;2077
2122;1472;3475;2057
2123;1376;3569;2172
2125;1256;3583;2169
2126;1224;3603;2031
2128;1513;3457;1753
2130;1746;3351;1491
2131;1942;3351;1343
2133;1997;3420;1319
2134;1852;3501;1463
2137;1569;3531;1677
2139;1160;3589;1976
2141;839;3577;2173
2142;475;3602;2431
2144;475;3538;2431
2147;512;3531;2432
2149;655;3473;2321
2150;751;3505;2300
2152;1054;3479;2181
2153;1447;3447;1929
2155;1723;3357;1676
2156;1770;3328;1541
2158;1697;3317;1591
2160;1545;3357;1693
2161;1383;3406;1800
2163;1253;3429;1924
2166;933;3475;2097
2167;499;3487;2379
2169;67;3590;2541
2171;177;3556;2591
2172;360;3589;2373
2174;555;3551;2279
2175;379;3633;2283
2177;694;3557;2291
2178;1185;3443;2097
2180;1693;3284;1820
2182;1957;3216;1593
2183;1817;3249;1582
2185;1706;3280;1647
2186;1347;3329;1785
2188;1269;3327;1830
2189;1026;3386;1889
2191;741;3460;2006
2193;357;3580;2227
2194;81;3639;2465
2196;-184;3695;2672
2197;3;3666;2607
2199;242;3637;2468
2200;493;3571;2326
2202;631;3479;2175
2205;1083;3319;1970
2208;1523;3244;1757
2210;1667;3287;1721
2211;1332;3396;1859
2213;1003;3457;1998
2214;742;3487;2113
2216;798;3556;2143
2218;877;3596;2124
2219;975;3565;2155
2221;925;3470;2143
2222;1021;3405;2131
2224;1003;3348;2051
2227;1073;3397;1898
2229;1062;3460;1711
2230;1370;3476;1670
2232;1390;3404;1744
2233;1333;3320;1933
2235;824;3411;2059
2237;394;3461;2209
2238;-93;3613;2351
2240;-428;3619;2499
2241;-361;3639;2598
2243;-91;3600;2633
2244;247;3577;2563
2246;425;3508;2366
2249;607;3417;2202
2251;804;3361;2052
2252;949;3415;1979
2254;1194;3404;1898
2255;1205;3423;1841
2257;1381;3363;1762
2259;1339;3341;1673
2260;1423;3385;1674
2263;1399;3437;1752
2265;1417;3451;1826
2266;1123;3442;1894
2268;653;3454;2068
2270;241;3571;2188
2271;9;3623;2340
2273;-192;3651;2443
2274;-255;3617;2567
2276;-41;3586;2587
2277;227;3601;2528
2278;449;3577;2391
2281;614;3503;2243
2282;717;3425;2114
2285;639;3440;2077
2287;752;3441;2015
2288;852;3513;1919
2290;1350;3455;1733
2292;1639;3445;1621
2293;1850;3425;1638
2295;1642;3460;1746
2296;1353;3451;1817
2300;967;3484;1853
2301;843;3411;1989
2303;588;3553;2160
2304;351;3551;2371
2306;-120;3707;2530
2307;-151;3691;2647
2309;52;3703;2647
2310;282;3659;2589
2312;596;3559;2387
2314;871;3475;2134
2315;1172;3437;1864
2317;1432;3329;1688
2318;1629;3407;1549
2322;1808;3391;1469
2325;1591;3527;1491
2326;1185;3454;1838
2328;734;3414;2269
2329;-29;3463;2789
2331;-175;3557;2872
2333;-326;3749;2913
2334;353;3704;2741
2336;778;3633;2613
2337;1339;3458;2231
2339;1541;3387;1864
2340;1890;3245;1409
2342;1889;3319;1223
2344;1851;3399;1171
2345;1472;3529;1451
2347;1329;3439;1736
2348;687;3437;2167
2350;29;3501;2606
2351;-385;3594;2973
2353;-177;3722;2982
2355;441;3763;2702
2356;1183;3680;2231
2358;2089;3425;1800
2359;2792;3243;1277
2361;2996;3216;899
2362;2632;3313;785
2364;2018;3304;1065
2366;1451;3330;1435
2367;921;3376;1998
2372;403;3582;2443
2373;217;3723;2776
2374;395;3748;2679
2377;1117;3575;2311
2380;1677;3440;1714
2383;2237;3305;1153
2384;2187;3390;852
2386;2063;3435;970
2388;1804;3503;1230
2389;1489;3506;1505
2391;1137;3561;1793
2392;699;3700;2116
2394;380;3735;2444
2395;47;3767;2793
2397;205;3689;2867
2399;420;3719;2839
2400;941;3689;2489
2402;1295;3599;2168
2403;1891;3362;1776
2405;2090;3337;1359
2406;2279;3311;992
2408;2105;3496;891
2410;1999;3475;1035
2411;1735;3476;1360
2413;1527;3379;1575
2414;1355;3338;1921
2416;764;3395;2336
2418;178;3528;2837
2419;20;3639;3001
2421;127;3788;3001
2422;799;3789;2635
2424;1328;3697;2314
2425;2093;3388;1838
2427;2589;3136;1344
2429;2606;3050;914
2430;2331;3150;845
2432;1847;3271;1088
2433;1531;3306;1427
2435;1000;3403;1761
2438;690;3537;2230
2443;441;3694;2584
2444;849;3659;2582
2446;1256;3515;2308
2447;1492;3397;1940
2449;1563;3363;1659
2451;1571;3414;1338
2452;1797;3411;1201
2454;1867;3439;1156
2455;1800;3471;1282
2457;1733;3451;1387
2458;1475;3506;1592
2460;872;3573;1969
2462;243;3679;2409
2463;-257;3779;2717
2465;-100;3727;2812
2466;122;3761;2778
2468;689;3691;2625
2469;1228;3623;2331
2470;1803;3417;1931
2473;2053;3283;1537
2474;2014;3299;1267
2476;1795;3359;1211
2477;1615;3367;1325
2479;1376;3381;1453
2480;1015;3493;1667
2482;452;3667;2113
2484;-35;3743;2622
2485;25;3767;2869
2487;329;3747;2815
2488;936;3723;2513
2490;1380;3637;2178
2491;1719;3589;1692
2493;1929;3541;1273
2496;1849;3511;1160
2498;1850;3409;1262
2499;1650;3283;1563
2501;1338;3287;1741
2502;1115;3260;2045
2504;474;3451;2493
2506;104;3561;2884
2507;-30;3716;2955
2509;430;3718;2709
2510;1247;3658;2254
2512;1945;3509;1855
2513;2557;3352;1355
2515;2443;3223;1235
2518;2133;3176;1211
2520;1537;3193;1423
2521;1147;3281;1737
2523;471;3550;2183
2524;34;3761;2699
2526;-65;3913;2856
2528;245;3867;2851
2529;1003;3724;2459
2531;1809;3497;2053
2532;2700;3220;1415
2534;2967;3153;1015
2535;2648;3217;848
2537;2027;3256;1053
2540;1337;3443;1447
2542;705;3515;1897
2543;61;3710;2493
2545;-291;3765;2904
2546;-264;3917;3038
2548;417;3925;2727
2550;1173;3760;2336
2551;2233;3372;1747
2554;2357;3218;1347
2557;2272;3114;1154
2559;1433;3271;1362
2561;703;3455;1989
2564;69;3615;2630
2565;-283;3809;3176
2566;-24;3842;3095
2569;539;3842;2789
2570;1305;3647;2315
2572;1987;3396;1843
2573;2251;3247;1407
2575;2385;3155;1101
2576;2060;3239;1069
2578;1828;3291;1177
2580;1528;3370;1404
2581;1264;3415;1671
2583;873;3575;1965
2584;441;3702;2431
2586;181;3796;2792
2587;337;3741;2921
2589;670;3710;2674
2591;1203;3595;2314
2592;1791;3412;1853
2594;2210;3243;1506
2595;2477;3195;1170
2597;2322;3275;1050
2598;2038;3312;1082
2600;1669;3355;1285
2603;1386;3373;1580
2605;1199;3577;1871
2606;1081;3608;2170
2608;911;3657;2438
2609;831;3537;2658
2613;779;3557;2703
2614;1037;3497;2588
2616;1343;3471;2358
2617;1569;3433;2101
2619;1569;3397;1925
2620;1405;3373;1855
2622;1366;3377;1868
2624;1272;3468;1937
2625;1416;3483;1955
2627;1494;3485;1903
2628;1802;3411;1659
2630;2011;3406;1367
2631;2201;3403;1269
2633;2094;3475;1399
2635;1955;3511;1615
2636;1781;3489;1747
2638;1668;3438;1822
2639;1469;3436;1850
2641;1299;3479;1862
2642;1211;3541;1851
2644;1179;3534;1941
2646;1138;3505;2109
2649;971;3493;2384
2650;819;3471;2542
2652;720;3466;2593
2653;737;3449;2494
2655;1018;3482;2279
2657;1255;3529;2089
2658;1620;3509;1927
2660;1729;3497;1808
2661;1954;3409;1591
2662;2065;3345;1331
2664;2041;3355;1312
2666;1818;3401;1479
2668;1550;3485;1718
2669;1346;3497;1856
2671;1209;3524;1985
2674;1081;3561;2130
2675;1074;3563;2178
2677;1197;3502;2121
2679;1310;3429;2017
2680;1429;3397;1931
2682;1465;3420;1866
2683;1441;3450;1800
2685;1386;3472;1751
2686;1255;3505;1775
2688;1167;3551;1919
2690;1016;3596;2107
2691;862;3609;2292
2693;853;3560;2341
2694;949;3489;2271
2696;1151;3447;2168
2697;1183;3472;2182
2699;1188;3493;2235
2701;1205;3508;2199
2702;1370;3474;1916
2704;1451;3499;1741
2707;1475;3523;1636
2708;1409;3546;1730
2710;1417;3525;1767
2712;1429;3499;1787
2713;1411;3515;1814
2715;1397;3537;1819
2716;1395;3542;1863
2718;1407;3515;1879
2719;1482;3496;1815
2721;1525;3557;1713
2723;1579;3615;1627
2724;1627;3661;1619
2726;1617;3569;1643
2729;1531;3500;1666
2730;1285;3469;1749
2732;1160;3533;1855
2734;1103;3571;1938
2735;1173;3575;1989
2737;1257;3565;1989
2738;1265;3585;2012
2740;1217;3545;1983
2742;1130;3509;1968
2743;989;3493;2013
2745;879;3549;2115
2746;845;3583;2141
2748;895;3555;2152
2751;947;3538;2157
2753;900;3555;2222
2754;969;3583;2172
2756;1105;3567;2078
2757;1317;3525;1965
2758;1432;3494;1883
2760;1457;3469;1831
2762;1361;3473;1831
2764;1319;3493;1857
2765;1263;3543;1869
2767;1363;3532;1861
2770;1487;3509;1803
2771;1621;3487;1713
2773;1733;3507;1566
2775;1768;3535;1514
2776;1693;3559;1573
2778;1528;3577;1683
2779;1399;3589;1735
2781;1433;3600;1700
2782;1554;3623;1649
2784;1633;3583;1637
2787;1521;3541;1723
2790;1332;3498;1809
2792;1145;3534;1865
2793;1205;3569;1861
2795;1219;3584;1941
2797;1217;3601;2038
2798;1057;3615;2122
2800;910;3638;2195
2801;803;3581;2238
2803;800;3499;2271
2804;857;3438;2235
2806;959;3471;2233
2808;1010;3544;2229
2809;1181;3569;2145
2811;1321;3515;2039
2812;1483;3463;1911
2814;1419;3470;1839
2815;1347;3533;1822
2817;1440;3521;1695
2819;1653;3486;1574
2820;1921;3462;1393
2822;1945;3481;1410
2823;1889;3509;1495
2825;1746;3545;1600
2826;1623;3584;1671
2828;1566;3572;1689
2830;1523;3508;1740
2831;1431;3481;1777
2833;1299;3480;1882
2834;1175;3521;1921
2836;1165;3549;1956
2837;1176;3573;1961
2839;1229;3568;2019
2841;1205;3565;2061
2842;1182;3579;2043
2845;1136;3557;1997
2847;1155;3525;1937
2848;1127;3495;1963
2850;1099;3485;2059
2852;980;3487;2193
2854;1002;3506;2209
2856;1010;3579;2160
2858;1132;3637;2047
2859;1237;3607;1994
2861;1385;3527;1915
2863;1506;3466;1799
2864;1522;3474;1728
2866;1515;3510;1665
2867;1559;3515;1631
2869;1641;3522;1560
2872;1651;3547;1587
2874;1623;3591;1649
2875;1621;3615;1670
2877;1703;3629;1585
2878;1766;3573;1539
2880;1635;3554;1567
2882;1438;3509;1652
2883;1163;3545;1759
2885;1091;3531;1857
2886;1045;3556;1935
2888;1101;3535;1988
2889;1110;3588;2022
2891;1120;3595;2051
2893;1105;3616;2031
2894;1109;3573;2019
2896;1134;3567;1976
2897;1127;3544;1959
2899;1089;3551;1982
2900;1046;3509;2010
2904;1002;3527;2057
2907;984;3555;2056
2908;1085;3593;2044
2910;1220;3623;1975
2911;1377;3589;1920
2913;1445;3569;1840
2915;1503;3521;1760
2916;1504;3487;1706
2918;1442;3475;1708
2919;1319;3520;1800
2921;1219;3591;1887
2922;1127;3671;2008
2924;1193;3665;1962
2926;1282;3639;1924
2927;1407;3577;1809
2929;1507;3557;1781
2930;1594;3544;1651
2932;1655;3542;1560
2933;1579;3544;1552
2935;1476;3573;1627
2937;1405;3619;1681
2938;1427;3663;1681
2940;1474;3678;1689
2941;1512;3662;1683
2943;1513;3643;1696
2944;1494;3625;1679
2946;1485;3617;1667
2948;1508;3583;1654
2949;1549;3578;1615
2950;1525;3543;1683
2952;1413;3548;1741
2954;1257;3571;1843
2955;1160;3625;1911
2957;1151;3645;1949
2959;1263;3612;1955
2962;1361;3580;1883
2963;1466;3551;1789
2965;1497;3539;1720
2966;1445;3529;1684
2968;1344;3559;1684
2970;1164;3589;1728
2971;1053;3620;1843
2973;1011;3619;1950
2974;973;3645;2069
2976;951;3659;2135
2977;979;3638;2140
2979;1042;3561;2079
2981;1105;3488;2036
2982;1029;3471;2075
2984;967;3495;2103
2985;937;3559;2061
2987;1041;3587;2005
2988;1163;3610;1943
2990;1204;3597;1944
2992;1208;3593;1926
2993;1318;3551;1899
2995;1391;3557;1857
2996;1389;3544;1845
2998;1335;3562;1843
2999;1331;3527;1806
3001;1489;3545;1721
3003;1599;3567;1637
3004;1709;3571;1585
3006;1709;3549;1525
3007;1635;3528;1548
3009;1544;3555;1588
3010;1475;3606;1665
3012;1504;3655;1665
3014;1601;3661;1633
3015;1667;3646;1642
3017;1589;3601;1679
3020;1447;3560;1765
3023;1269;3581;1853
3025;1220;3617;1907
3026;1229;3609;1889
3028;1296;3547;1869
3029;1386;3513;1839
3031;1452;3546;1811
3033;1467;3549;1801
3034;1353;3549;1818
3036;1175;3567;1879
3037;972;3617;1993
3039;838;3598;2232
3042;793;3581;2349
3044;815;3563;2420
3045;917;3592;2321
3046;1115;3585;2173
3048;1352;3485;2007
3050;1449;3464;1840
3051;1591;3424;1757
3053;1803;3451;1519
3055;2141;3409;1317
3056;2149;3455;1273
3058;1968;3481;1378
3061;1724;3471;1542
3062;1499;3442;1707
3064;1241;3472;1909
3066;1002;3519;2138
3069;922;3541;2269
3070;957;3527;2309
3072;1077;3516;2210
3073;1101;3535;2109
3075;939;3521;2165
3078;632;3571;2261
3080;537;3577;2297
3081;799;3629;2101
3083;1187;3587;1982
3084;1621;3524;1815
3086;1974;3398;1579
3088;2279;3317;1267
3089;2232;3335;1201
3091;2055;3455;1307
3092;1825;3531;1473
3094;1685;3532;1567
3095;1500;3532;1683
3097;1309;3559;1823
3099;1193;3572;1941
3100;1049;3567;2084
3102;917;3587;2199
3103;656;3597;2399
3105;509;3579;2541
3106;401;3541;2607
3108;511;3567;2526
3110;821;3580;2314
3111;1113;3609;2073
3113;1439;3491;1891
3114;1690;3421;1707
3116;1952;3357;1523
3117;2188;3429;1269
3119;2176;3500;1241
3121;2084;3557;1278
3122;1516;3580;1612
3124;459;3561;2271
3127;-209;3524;2795
3128;-33;3549;2878
3130;1287;3529;2317
3132;2654;3543;1541
3133;3052;3519;958
3136;2649;3491;771
3138;1431;3327;1175
3139;82;3234;2002
3141;-1365;3303;2791
3142;-1396;3534;3115
3144;-48;3614;2841
3146;1958;3627;2297
3147;3533;3614;1578
3149;3011;3392;1658
3152;537;3103;2407
3154;-2452;3162;3331
3155;-2282;3489;2871
3157;379;3767;1668
3158;3751;3563;619
3160;4874;3346;523
3161;3617;2967;1592
3163;255;3024;3040
3165;-1421;3015;3833
3166;-273;3410;2912
3168;2526;3491;1631
3169;3892;3515;1147
3171;3519;3395;1652
3172;1584;3407;2773
3174;-11;3704;2969
3176;-872;3939;2526
3177;-151;3950;897
3179;809;3759;-4
3180;2251;3645;309
3182;3559;3559;1690
3184;3871;3760;2685
3185;1876;4178;1841
3187;633;4205;3
3190;871;3768;-929
3191;2709;3291;-191
3195;3017;3451;665
3196;1723;3871;-19
3199;1617;3719;187
3202;2815;3560;1113
3204;4028;3516;2384
3206;3367;3977;1807
3207;1113;4345;125
3209;-213;4420;-1080
3210;-552;4070;-1727
3212;599;3478;-799
3213;2477;3135;1339
3215;3777;3262;2882
3217;4018;3630;3216
3218;2033;4090;1197
3221;255;4203;-684
3223;-768;3991;-1721
3224;577;3406;-5
3226;2951;3285;2430
3228;4576;3533;3953
3229;4139;4180;2833
3231;2115;4494;673
3232;-71;4613;-1796
3234;-731;4291;-2961
3235;89;3619;-2045
3237;2512;3382;626
3240;3716;3523;2065
3242;2755;4274;1428
3243;463;4632;-1117
3245;-907;4657;-2549
3246;-169;4003;-2345
3248;2095;3471;255
3250;4441;3205;3001
3251;5049;3618;3517
3253;4021;4001;2437
3254;1737;4429;6
3256;38;4610;-1665
3257;-578;4312;-2747
3259;375;3589;-1587
3261;2275;2925;820
3262;3299;3167;2674
3265;3216;3757;2621
3267;1739;4403;1265
3268;179;4658;-481
3270;-554;4553;-1413
3272;529;3879;-541
3275;2287;3141;1596
3276;3986;2991;3981
3278;3773;3453;4241
3279;3023;3967;3029
3281;1304;4350;951
3283;61;4583;-663
3284;-694;4407;-1557
3286;-567;3931;-1721
3287;673;3241;-181
3289;1946;3033;2083
3290;3373;2974;4701
3292;3369;3455;4347
3294;2882;3849;3166
3295;1758;4462;669
3297;456;4637;-337
3298;-277;4491;-1253
3300;-695;3958;-1216
3301;-87;3404;-644
3302;776;3211;1717
3305;2003;3253;4024
3306;2762;3790;4443
3309;2369;4254;2271
3311;623;4612;-130
3312;-529;4439;-1378
3314;-651;3911;-1132
3316;353;3315;-63
3317;1635;3088;2398
3319;2470;3175;4403
3320;2585;3535;4653
3322;1306;3947;3115
3324;532;4373;941
3325;-116;4607;-562
3327;-385;4487;-1642
3328;-443;3998;-1181
3331;426;3516;1070
3333;1819;3235;3763
3334;1861;3528;4868
3336;1795;3873;3765
3338;611;4352;2084
3339;-306;4539;156
3341;-1364;4612;-1151
3342;-949;4183;-1807
3344;118;3576;-437
3346;1199;3036;1876
3347;2143;3072;4223
3349;2173;3487;4755
3350;2266;3966;3932
3352;454;4302;2082
3353;-505;4431;263
3355;-1423;4446;-1296
3357;-90;3853;-542
3360;1185;3412;1316
3361;2433;3207;4164
3363;2499;3567;4899
3364;2339;3885;4023
3366;811;4207;1013
3369;373;4180;-1351
3371;101;3845;-2145
3372;1570;3291;335
3374;2845;3173;3047
3375;3114;3527;4307
3377;2521;3989;3117
3379;895;4485;918
3380;-53;4735;-1094
3382;-717;4728;-2445
3383;-327;4061;-2284
3385;688;3304;-521
3386;2627;3102;2653
3388;2961;3480;4073
3390;2913;3887;4144
3391;1063;4132;1892
3393;261;4247;-385
3396;-190;4301;-2065
3397;201;3918;-2378
3398;1815;3554;548
3401;3055;3409;3575
3402;3548;3643;4575
3405;2204;4195;2159
3407;597;4611;-769
3408;69;4693;-2278
3410;398;3969;-1728
3412;1349;3307;-164
3413;2453;3067;2678
3415;3235;3350;4425
3416;3090;3728;4129
3418;2239;4027;2580
3419;922;4409;217
3421;220;4615;-1231
3423;9;4523;-2369
3424;599;3917;-1654
3426;1591;3317;178
3427;2991;3118;2956
3429;3715;3330;4527
3430;3464;3677;4263
3432;1653;4065;2031
3434;271;4489;-203
3435;-690;4748;-1869
3437;-489;4571;-2465
3438;82;3916;-1901
3440;1191;3356;-63
3441;2566;3152;2657
3443;2749;3506;3819
3445;2149;4125;3143
3448;377;4517;891
3449;-542;4641;-1174
3451;-733;4437;-2055
3452;-151;3904;-1827
3454;918;3395;465
3456;1945;3200;3252
3457;2241;3407;5217
3459;1974;3781;4727
3460;887;4170;2819
3462;625;4405;663
3463;-51;4584;-1122
3465;-188;4352;-2129
3467;-460;4012;-2288
3468;275;3431;-406
3470;1397;3325;2555
3473;1697;3556;3762
3475;1892;4059;3145
3476;1122;4351;791
3478;364;4519;-456
3479;-468;4450;-1744
3481;-673;4162;-2035
3482;691;3836;397
3487;1092;3757;2572
3489;1455;3832;3885
3490;571;4122;2074
3492;351;4281;412
3493;-219;4571;-884
3494;-337;4386;-1631
3497;-183;4107;-1553
3498;512;3557;19
3500;1169;3365;2254
3501;1258;3471;3983
3504;1365;3727;3538
3506;1037;4220;1485
3508;321;4513;-755
3509;-173;4452;-1950
3512;-97;3777;-569
3514;931;3133;1988
3515;1821;3059;4865
3517;1681;3361;4798
3519;1601;3735;3661
3520;862;4227;981
3522;216;4556;-469
3523;-372;4723;-2191
3525;-454;4345;-2476
3526;485;3737;-918
3528;1431;3484;2098
3530;2143;3451;4775
3531;2141;3877;4401
3533;1674;4267;2714
3534;688;4685;-323
3536;7;4821;-2404
3537;141;4246;-2982
3539;1190;3485;-283
3541;1707;3175;2285
3544;1778;3443;3319
3545;710;4256;887
3547;71;4705;-1214
3548;-107;4713;-2596
3550;616;3945;-977
3552;2029;3370;1792
3553;2400;3406;4204
3555;2211;3817;4294
3556;751;4275;2337
3558;-179;4653;-353
3559;-662;4779;-2653
3561;323;4158;-1685
3564;1823;3589;1497
3566;2493;3431;4737
3567;2227;3955;4487
3569;893;4354;2417
3570;535;4472;-383
3574;381;4222;-1573
3575;842;3658;-571
3577;1527;3397;2271
3578;1816;3645;4608
3580;1721;4122;4469
3581;819;4512;2667
3583;-55;4689;333
3585;-433;4744;-1693
3586;-202;4409;-2515
3588;443;3907;-2161
3589;1457;3653;673
3592;1415;3843;2692
3594;1368;4194;3553
3596;115;4387;1787
3597;-417;4567;-255
3599;-639;4282;-1511
3602;-492;3759;-1447
3603;707;3266;1213
3605;1179;3384;3723
3607;1591;3985;4517
3608;183;4590;1712
3611;-361;4739;-1255
3613;-607;4057;-1804
3615;529;3239;267
3616;1338;2875;3312
3618;1458;3307;3870
3619;795;4039;2634
3621;-386;4646;-8
3622;-651;4786;-1734
3624;-364;4176;-1419
3626;695;3541;293
3627;1330;3259;2842
3629;1232;3551;3601
3630;461;4081;2829
3632;-422;4591;658
3633;-801;4766;-1113
3635;-478;4371;-1402
3637;-38;3811;-520
3638;950;3420;2123
3640;1016;3522;3793
3641;973;3867;3851
3643;143;4255;2135
3644;-399;4518;-53
3646;-315;4425;-1007
3648;25;4017;-52
3651;939;3522;2105
3652;786;3539;3559
3654;604;3867;3008
3655;-194;4207;1744
3657;-136;4287;501
3660;-299;4087;171
3662;-126;3841;533
3663;193;3679;1809
3665;575;3827;2531
3666;749;4123;2423
3668;231;4433;1311
3670;-264;4618;45
3671;-354;4453;-560
3673;-112;4024;-325
3674;561;3565;1210
3676;754;3595;2305
3679;389;3894;2460
3681;-303;4441;996
3682;-895;4709;-863
3684;-545;4681;-1855
3685;-211;4277;-1925
3686;667;3696;46
3688;1474;3365;2621
3690;1576;3431;3532
3692;1037;2410;2453
