0; 2010; 3846;  608
1; 2006; 3850;  584
2; 1944; 3922;  698
3; 1890; 3884;  792
4; 1848; 3906;  932
5; 1772; 3888;  964
6; 1708; 4008;  896
7; 1694; 4074;  802
8; 1562; 4068;  864
9; 1600; 3970;  926
11; 2144; 3794;  830
12; 2382; 3668;  984
14; 2820; 3624;  900
15; 3010; 3524;  982
17; 2698; 3534; 1274
18; 2602; 3610; 1268
20; 2658; 3738; 1018
22; 2424; 3714;  802
23; 2668; 3798;  560
25; 1904; 3910;  410
26; 1302; 3946;  552
28;  732; 4226;  580
29;  564; 4314;  526
31;  954; 4330;  398
33; 1302; 3916;  490
34; 1574; 3794;  452
36; 1668; 3896;  712
37; 2664; 3524;  736
39; 3870; 3330;  946
41; 3892; 3528; 1308
42; 3164; 3606; 1096
44; 2582; 3814;  686
45; 2236; 3776;  802
47; 1680; 3820;  990
48; 1616; 3842;  894
50; 1584; 4010;  704
52; 1434; 4084;  580
53; 1460; 4114;  662
55; 1506; 4108; 1080
56; 1478; 3988; 1058
58; 1504; 3600;  560
59; 1700; 3564;  478
61; 2862; 3308;  972
63; 3984; 3302; 1074
64; 3832; 3410; 1018
66; 2756; 3896;  584
67; 2556; 3922;  394
69; 2112; 3986;  560
70; 1644; 3958;  590
72; 1456; 3958;  552
75; 1388; 4138;  770
78; 1584; 3964; 1196
80; 1262; 3836; 1106
81; 1270; 3758;  902
83; 2164; 3566; 1182
85; 2836; 3568; 1074
86; 3524; 3380; 1114
87; 3972; 3460; 1078
89; 2988; 3818;  958
91; 2644; 3826;  794
92; 2576; 3726;  844
94; 1862; 3778;  848
96; 1634; 3820;  864
97; 1386; 3900;  874
99; 1458; 3952;  970
100; 1396; 3908;  860
102; 1828; 3924;  814
103; 1706; 3924;  820
105; 1366; 3992; 1358
107; 1504; 4002; 1292
108; 1206; 3896;  894
110; 1482; 3824;  966
111; 1954; 3670; 1134
113; 2506; 3680; 1096
114; 2996; 3720; 1230
116; 3714; 3462; 1006
118; 2890; 3628;  980
119; 2674; 3628;  882
121; 2214; 3664;  884
122; 2438; 3584; 1092
124; 1894; 3716;  880
125; 1814; 3818;  866
127; 1386; 3878;  812
129; 1268; 4012; 1090
130; 1368; 3866; 1180
132; 1550; 3824; 1200
133; 1654; 3768; 1284
135; 1612; 3856; 1620
136; 1492; 3784; 1894
138; 1282; 3876; 1416
141; 2000; 3826; 1120
143; 2080; 3688;  934
144; 2444; 3586;  830
146; 3478; 3404;  582
147; 3594; 3480;  458
149; 2792; 3606;  734
151; 2614; 3728;  954
152; 2484; 3750;  848
155; 1708; 3920;  908
157; 1144; 3970; 1062
158;  868; 3994; 1196
160; 1082; 3796; 1594
162; 1084; 3760; 1426
163; 1138; 3732; 1170
165; 2328; 3520; 1508
166; 2800; 3388; 1754
168; 3828; 3294; 1416
169; 3630; 3522;  980
171; 2158; 3832;  672
173; 2810; 3580;  790
174; 2204; 3620;  634
176; 1700; 3746;  796
177; 1566; 3716;  890
179; 1262; 3856; 1142
181;  988; 3902; 1534
182; 1250; 3776; 1678
183; 1544; 3644; 1796
185; 1396; 3816; 1782
187; 1472; 3834; 1556
188; 1656; 3694; 1692
192; 3174; 3522; 1120
193; 3338; 3340;  874
195; 2644; 3714;  584
196; 2054; 3820;  792
198; 1584; 3732;  966
199; 2022; 3606;  990
201; 2518; 3564; 1040
203; 2444; 3746; 1168
204; 2162; 3822; 1156
206; 1786; 3780; 1330
207; 1562; 3734; 1382
209; 1160; 3782; 1512
210; 1104; 3840; 1520
212; 1220; 3842; 1622
214; 1378; 3788; 1726
215; 1348; 3786; 1638
218; 1280; 3740; 1348
220; 2120; 3580; 1518
221; 2362; 3732; 1304
223; 2926; 3600; 1290
225; 3378; 3396; 1036
226; 2978; 3504;  912
228; 2220; 3816;  688
229; 2444; 3620;  874
231; 2440; 3528;  932
232; 1896; 3694;  938
234; 1500; 3866; 1020
236; 1258; 3898; 1108
237; 1242; 3986; 1352
240; 1386; 3816; 1618
242; 1156; 3718; 1614
243; 1086; 3768; 1714
245; 1570; 3808; 1520
247; 2452; 3520; 1508
250; 3254; 3412; 1126
251; 3196; 3384;  982
253; 2242; 3732;  780
254; 2096; 3762;  850
256; 2754; 3490; 1122
258; 2208; 3644; 1176
259; 1818; 3762; 1130
261; 1726; 3810; 1272
262; 1544; 3848; 1394
264; 1500; 3748; 1382
265; 1482; 3780; 1376
267; 1472; 3868; 1432
269; 1476; 3786; 1560
270; 1446; 3736; 1596
272; 1282; 3756; 1750
273; 1214; 3718; 1604
275; 1264; 3876; 1022
276; 1658; 3798; 1072
278; 2394; 3692; 1334
279; 2414; 3680; 1258
281; 3242; 3430; 1206
283; 2762; 3492;  986
284; 2440; 3690;  912
286; 2658; 3580;  798
287; 2562; 3630;  878
289; 2048; 3680;  966
291; 1726; 3696; 1184
292; 1516; 3776; 1268
294; 1434; 3776; 1480
295; 1230; 3944; 1482
297; 1236; 3886; 1728
298; 1480; 3862; 1570
300; 1434; 3750; 1662
302; 1302; 3788; 1516
303; 1330; 3842; 1280
305; 1676; 3682; 1002
308; 2732; 3598; 1086
309; 2768; 3604; 1088
311; 2932; 3692; 1090
313; 2372; 3764;  844
314; 2282; 3764;  884
316; 2324; 3612;  984
317; 2226; 3624; 1068
319; 1836; 3650; 1200
320; 1562; 3722; 1362
322; 1472; 3770; 1506
324; 1426; 3854; 1554
325; 1388; 3808; 1554
327; 1792; 3808; 1338
328; 1772; 3810; 1270
330; 1336; 3768; 1526
332; 1018; 3800; 1596
333; 1032; 3736; 1538
335; 1724; 3766; 1576
336; 2166; 3622; 1586
338; 2636; 3570; 1396
339; 2744; 3634; 1452
341; 3030; 3470; 1128
343; 2132; 3666;  958
344; 2158; 3680;  856
346; 2298; 3738;  796
347; 2604; 3464;  850
349; 1922; 3632;  798
350; 1776; 3672;  874
352; 1076; 3966; 1234
354;  934; 4040; 1544
355;  926; 3952; 1658
357; 1492; 3808; 1814
358; 1482; 4024; 1746
360; 1580; 3882; 1672
361; 1574; 3750; 1462
363; 2126; 3474;  980
365; 2062; 3612;  948
366; 2770; 3546;  972
368; 3100; 3680;  730
369; 2896; 3718;  744
371; 2574; 3808;  816
372; 2482; 3630;  820
374; 2104; 3736;  874
375; 1750; 3738;  952
377; 1420; 3776; 1106
379; 1424; 3866; 1016
380; 1220; 3988; 1124
382; 1412; 3896; 1120
383; 1634; 3762; 1204
385; 1566; 3800; 1292
387; 1332; 3930; 1330
388; 1472; 3848; 1514
390; 1700; 3682; 1210
391; 2402; 3632; 1062
393; 2540; 3680; 1176
394; 2518; 3704;  950
396; 2392; 3628; 1264
398; 2120; 3688; 1188
399; 2326; 3616; 1182
401; 2496; 3638; 1376
402; 2584; 3626; 1228
404; 2546; 3588;  988
405; 2320; 3560;  966
407; 1884; 3756; 1010
409; 1236; 4010; 1010
410;  782; 4138; 1180
412;  182; 3944; 1668
413;  654; 3812; 1748
415;  668; 3950; 1542
416; 1064; 3884; 1268
418; 2538; 3654; 1352
420; 3680; 3542; 1210
421; 3652; 3526; 1020
423; 3392; 3364;  944
424; 3036; 3534;  708
426; 2340; 3782;  268
427; 2250; 3656;  456
429; 1470; 3702;  918
431;  896; 3972; 1160
432;  524; 3994; 1398
434;  514; 4014; 1682
435;  910; 3906; 1808
437; 1082; 3902; 1174
438; 1586; 3844;  880
439; 2516; 3586;  900
442; 3248; 3656; 1098
443; 3602; 3418; 1126
445; 2712; 3658;  786
446; 2492; 3700;  484
451; 2192; 3588;  762
453; 2012; 3672; 1184
454; 1988; 3744; 1166
456; 1506; 3814; 1462
457; 1254; 3832; 1596
459; 1030; 3974; 1726
460; 1260; 3862; 1556
462; 1668; 3782; 1482
464; 1566; 3786; 1478
465; 1602; 3858; 1304
467; 2368; 3642; 1002
468; 2802; 3572; 1060
470; 3228; 3604;  814
473; 3072; 3558;  644
475; 2664; 3668;  272
476; 2610; 3694;  226
478; 2524; 3596;  272
479; 2252; 3616;  588
483;  990; 3812; 1620
484;  624; 3990; 1884
486;  452; 4058; 2018
487;  798; 4006; 1848
489; 1326; 3944; 1126
490; 1536; 3916;  988
492; 2864; 3516; 1144
494; 3152; 3468;  838
495; 3532; 3356;  760
497; 3686; 3306;  588
498; 2974; 3640;  404
500; 2536; 3804;  242
501; 2334; 3698;  380
503; 2180; 3630;  830
505; 1572; 3800; 1428
506; 1416; 3928; 1326
508;  878; 3964; 1660
509;  738; 4040; 1796
511; 1204; 3888; 1672
512; 1386; 3850; 1584
514; 1510; 3820; 1074
516; 2606; 3638; 1002
517; 2782; 3612; 1044
519; 3032; 3554;  922
520; 3188; 3526;  794
522; 2982; 3520;  438
523; 2770; 3768;  102
525; 2592; 3746;  354
527; 2468; 3634;  476
528; 2374; 3690;  526
531; 1538; 3970; 1016
533;  160; 4194; 1738
534;   -4; 4140; 1790
535;  268; 3922; 1952
538; 1372; 3818; 1578
539; 2284; 3638; 1194
541; 3106; 3528;  826
542; 3406; 3372;  896
544; 3976; 3158;  518
545; 3670; 3178;  508
547; 2938; 3480;   98
549; 2562; 3530;  228
550; 2178; 3642;  608
552; 1692; 4014;  830
553; 1104; 4156; 1312
555;  682; 3988; 1976
556;  -30; 4002; 2606
558;  480; 3894; 2506
560; 1214; 3724; 1484
561; 1834; 3546;  616
563; 3616; 3128;  734
564; 4192; 3106;  842
566; 4354; 3104; 1146
567; 3476; 3378;  558
569; 2522; 3600;  208
571; 1786; 3706;  322
572; 1182; 3956;  722
574;  870; 3750; 1538
575; -620; 4098; 2356
577; -392; 4106; 2804
578;  156; 3982; 2612
580; 1736; 3730; 1418
582; 3372; 3298; 1254
583; 4178; 3118; 1256
585; 4338; 2840; 1600
586; 3264; 3238; 1256
588; 2466; 3416;  862
589; 2248; 3424;  914
591; 1308; 3712;  908
593;  516; 3962; 1322
594;   44; 3894; 1944
596; -278; 3918; 2446
599; 1640; 3692; 1516
600; 2822; 3366; 1352
602; 4204; 3282; 1372
604; 3830; 3092; 1730
605; 2852; 3374; 1204
607; 2368; 3488;  918
608; 2256; 3502;  874
610; 1546; 3530;  908
612; 1212; 3756; 1076
613;  850; 3802; 1434
615; -318; 3748; 2446
616; -364; 3888; 2808
618;  550; 3946; 2328
621; 3278; 3124; 1638
623; 4400; 3040; 1466
624; 4394; 2982; 1346
626; 2864; 3418;  602
627; 2710; 3432;  556
629; 2402; 3362;  738
630; 2230; 3478;  740
631; 1320; 3784;  988
634;  288; 3888; 1684
635; -472; 4006; 2138
637;  -58; 3852; 2758
638;  368; 3928; 2304
640; 1664; 3712; 1460
641; 2738; 3402; 1276
643; 3836; 3142; 1522
645; 4134; 2932; 1442
646; 3160; 3126; 1508
648; 2638; 3372; 1026
649; 2604; 3418;  866
651; 2106; 3478;  916
652; 2264; 3408;  902
654;  912; 3908; 1324
657; -334; 3790; 2742
659;  122; 3824; 2680
660;  616; 3858; 2418
662; 2326; 3598; 1592
663; 3162; 3442; 1176
665; 3680; 3224;  936
667; 3338; 3064;  940
668; 2914; 3378;  524
670; 2310; 3406;  666
671; 2176; 3360;  846
673; 1282; 3650; 1328
674; 1098; 3908; 1186
676; -122; 3930; 2300
679;   66; 3918; 2718
681; 1316; 3670; 1578
682; 2298; 3442; 1290
684; 3504; 3188; 1132
685; 4020; 3244; 1076
687; 3556; 3046; 1224
689; 2522; 3330;  796
690; 2442; 3438;  962
692; 1930; 3528; 1268
693; 1894; 3552; 1290
695;  990; 3818; 1658
696; 1372; 3764; 1496
698;  754; 3730; 2276
700;   98; 3728; 2506
701;  186; 3696; 2656
703;  964; 3796; 1998
704; 1546; 3724; 1354
706; 3056; 3172; 1120
707; 3638; 3152; 1054
709; 4402; 3044; 1042
711; 3188; 3480;  706
712; 2776; 3688;  528
715; 2092; 3496;  932
717;  866; 3814; 1294
718; -208; 3912; 1986
720;-1272; 3736; 3364
722;   34; 3954; 2364
723;  964; 3750; 1866
725; 3512; 3296; 1324
726; 4312; 3396;  846
727; 4902; 3162;  598
729; 4232; 3142;  346
731; 2650; 3580; -176
734; 1048; 3590; 1040
736;  664; 3786; 1522
737; -114; 4038; 1868
740;  602; 3926; 2658
742; 1554; 3808; 1784
744; 3348; 3202; 1236
745; 4162; 3266; 1108
747; 4758; 3046;  522
748; 4038; 3124;  420
750; 2682; 3636;  -94
751; 2076; 3488;  344
753; 1790; 3450; 1116
755; 1290; 3866; 1318
756; 2160; 3724; 1110
758; 1678; 3924; 1466
759; 2006; 3796; 1466
761; 2302; 3654; 1424
764; 1892; 3714; 1130
766; 1354; 3626; 1594
767; 1004; 3818; 1856
769; 1030; 3722; 1906
770; 1026; 3866; 1736
772; 1402; 3760; 1266
774; 2516; 3438; 1430
775; 3220; 3344; 1216
777; 3474; 3380; 1218
778; 3874; 3274; 1092
780; 2920; 3522;  762
781; 2588; 3618;  620
783; 2848; 3430;  350
785; 1646; 3532; 1034
786; 1352; 3768; 1342
788;   98; 3992; 2578
789; -870; 4242; 2798
791;  408; 4200; 2160
792;  984; 4014; 1784
794; 2794; 3576;  304
796; 4054; 3452;  102
797; 4452; 3080;  372
799; 4108; 3168;  352
800; 3262; 3490;  -38
802; 2674; 3396;   52
803; 2308; 3510;  370
805; 1258; 3830; 1024
807;  336; 4068; 1632
808;  214; 4036; 2278
810;   10; 4154; 3096
811;  590; 3934; 2266
813; 1816; 3652;  750
814; 3272; 3264;  650
816; 4616; 2958;  704
818; 4830; 2918;  496
819; 3738; 3232;  428
821; 2844; 3408;  240
822; 2812; 3256;  512
823; 1994; 3452; 1074
825;  838; 3912; 1818
827; -534; 4054; 2994
829;  156; 4164; 2722
832; 1682; 3836;  866
833; 2426; 3610;  520
835; 3422; 3056;  686
836; 3534; 3098; 1222
838; 4216; 2944; 1560
840; 3112; 3386; 1148
841; 2996; 3512;  984
844; 2278; 3464; 1214
846; 1176; 3888; 1414
847;  874; 4026;  940
849; -140; 4092; 1908
851;  258; 4014; 1986
852;  586; 3966; 1922
854; 1588; 3682;  862
857; 4048; 2886; 1452
858; 4890; 3040; 1158
860; 3850; 3138; 1358
862; 2756; 3546;  638
863; 2426; 3380;  860
866;  700; 3952; 1258
868; -254; 4130; 1782
869; -528; 3958; 2110
871;  698; 4052; 1594
873; 1584; 3690; 1090
874; 2108; 3546;  952
876; 4152; 2960; 1762
877; 4644; 3110; 1922
879; 3230; 3304; 1998
880; 2726; 3320; 1692
882; 2182; 3548; 1472
884; 1160; 3740; 1468
885;  690; 3988; 1322
887;  238; 4124; 1106
890;  878; 3664; 1188
891;  760; 3650; 1516
893; 1228; 3634; 2262
895; 2004; 3602; 1980
896; 2672; 3396; 1632
898; 3318; 2966; 1742
899; 3264; 3034; 1708
901; 2924; 3382; 1180
903; 2442; 3502;  890
904; 2288; 3400; 1268
906; 2114; 3424; 1524
907; 1912; 3714; 1536
909; 1254; 3914; 1544
912;  298; 3992; 1674
914;  590; 3752; 1892
915;  964; 3696; 1766
917; 1698; 3448; 1626
918; 2196; 3342; 1632
919; 3032; 3232; 1600
921; 4120; 2946; 1656
923; 2778; 3440; 1170
925; 2194; 3562;  968
926; 2116; 3464; 1064
928; 1458; 3750; 1204
929; 1128; 3880; 1410
931;  202; 3924; 1820
932;  -98; 3920; 2226
934;  716; 3802; 2182
936; 1688; 3588; 1692
937; 2254; 3512; 1524
939; 3574; 3162; 1656
940; 3538; 3190; 1494
942; 2684; 3368; 1236
943; 2544; 3426; 1002
945; 2408; 3604; 1016
947; 2510; 3566;  872
948; 2296; 3540;  992
950; 1208; 3858; 1530
951;  910; 3902; 1828
953; -100; 3996; 2210
954;   42; 3986; 2118
956;  672; 3896; 1906
958; 1588; 3538; 1204
959; 2556; 3412;  886
961; 4054; 3106;  882
962; 4290; 3010;  970
964; 3458; 3332;  962
965; 3056; 3442;  636
967; 2330; 3442;  860
969; 1148; 3770; 1122
970; 1352; 3864; 1050
973;  -26; 3940; 2282
975;  558; 3986; 2140
976;  928; 3888; 2008
978; 1448; 3754; 1320
980; 3346; 3078; 1366
983; 4126; 3070;  876
984; 3298; 3570;  584
986; 2336; 3610;  414
987; 2186; 3464;  478
989; 1164; 3670; 1028
991;  316; 3964; 1878
992;  108; 3972; 2082
994; 1174; 3980; 2108
997; 1876; 3780; 1586
998; 2830; 3592; 1218
1000; 3438; 3238; 1092
1002; 3018; 3352;  798
1003; 2800; 3444;  490
1006; 2264; 3586;  652
1008; 2062; 3576;  898
1009; 1554; 3768; 1256
1011;  964; 3790; 1696
1013;  864; 3948; 2262
1014; 1054; 3980; 2230
1015; 1250; 3906; 2240
1017; 1574; 3714; 1834
1019; 1848; 3624; 1330
1020; 2048; 3574; 1028
1022; 2646; 3352; 1116
1024; 2812; 3458;  896
1025; 2888; 3542;  702
1027; 2344; 3728;  722
1028; 2380; 3790;  780
1030; 2296; 3750;  930
1033; 2010; 3558; 1184
1035; 1766; 3508; 1610
1036; 1756; 3530; 1680
1038; 1414; 3826; 1984
1039; 1404; 3840; 1934
1041; 1454; 3682; 1766
1043; 1544; 3924; 1518
1044; 1678; 3832; 1250
1046; 2344; 3592; 1016
1047; 2494; 3544; 1078
1049; 2524; 3448; 1018
1050; 2538; 3468;  788
1052; 2538; 3662;  510
1054; 2544; 3720;  836
1055; 2566; 3714; 1122
1057; 2568; 3648; 1130
1058; 2672; 3618; 1098
1060; 2354; 3414; 1294
1061; 1884; 3412; 1520
1065; -430; 4214; 2258
1066; -316; 4120; 2162
1068;  718; 3898; 1904
1069;  992; 3930; 1658
1071; 2512; 3504;  790
1072; 3180; 3296; 1008
1074; 4552; 3058; 1292
1076; 3340; 3538;  686
1077; 2970; 3458;  188
1079; 2216; 3608;    2
1080; 2188; 3428;  346
1082;  302; 3962; 1168
1083;   60; 4028; 1638
1085;  416; 3966; 2010
1087; 1344; 3734; 1500
1090; 4182; 3244; 1104
1091; 3910; 3308; 1224
1093; 3244; 3420; 1082
1094; 3152; 3528;  564
1096; 2252; 3576;  718
1098; 1530; 3636;  576
1099; 1666; 3476;  908
1101; 1114; 3738; 1392
1102;  706; 3856; 1506
1104;  994; 3880; 2248
1105; 1164; 3926; 2302
1107; 2146; 3860; 1710
1109; 2414; 3626; 1326
1110; 2576; 3534; 1292
1111; 2636; 3458; 1242
1113; 2364; 3446;  956
1115; 2552; 3310; 1542
1116; 2774; 3372; 1432
1118; 2648; 3420; 1300
1120; 2794; 3562; 1268
1123; 2702; 3484; 1144
1124; 2624; 3502;  948
1126; 2458; 3602;  654
1127; 2182; 3596;  730
1129; 1030; 3760; 1284
1131;  -10; 4070; 2126
1132;  502; 3926; 2336
1134; 1400; 3896; 2090
1135; 1808; 3762; 1552
1137; 2940; 3418; 1078
1138; 2746; 3384; 1088
1140; 2878; 3402; 1228
1142; 2554; 3382; 1148
1145; 2490; 3298;  914
1146; 2568; 3388;  970
1148; 2932; 3508;  898
1149; 2918; 3536;  990
1151; 2802; 3420;  974
1153; 1996; 3598; 1176
1154; 1254; 3956; 1362
1156;  -14; 4122; 1924
1157; -230; 4020; 2312
1159;  658; 3830; 2350
1160; 1338; 3892; 2030
1162; 2752; 3650; 1534
1164; 2776; 3370; 1434
1165; 2450; 3400; 1174
1167; 1826; 3440; 1360
1168; 1444; 3484; 1538
1170; 1434; 3584; 1290
1171; 1960; 3638; 1026
1173; 2722; 3580;  998
1175; 3816; 3258; 1080
1176; 3060; 3418; 1330
1178; 2830; 3432; 1222
1181; 2832; 3152; 1396
1182; 2292; 3288; 1364
1184; 1310; 3686; 1466
1186;  822; 4020; 1648
1189;  922; 4144; 1516
1190; 1032; 3940; 1788
1192; 1306; 3718; 1798
1194; 1922; 3606; 1514
1195; 2576; 3468; 1366
1197; 2048; 3516; 1336
1198; 1800; 3576; 1484
1200; 1534; 3638; 1252
1203; 2722; 3348; 1044
1206; 3408; 3272; 1322
1207; 2918; 3520; 1342
1209; 2532; 3640; 1228
1211; 2574; 3274; 1218
1212; 2334; 3200; 1416
1214; 1810; 3512; 1322
1216; 1074; 3734; 1300
1217;  696; 3816; 1548
1219;  432; 4020; 1870
1220;  784; 4002; 1902
1222;  850; 3944; 2582
1223; 1260; 3814; 2514
1225; 2056; 3640; 1820
1227; 2226; 3530; 1636
1228; 1710; 3612; 1412
1230; 1592; 3538; 1466
1231; 1556; 3544; 1466
1233; 2568; 3178; 1204
1234; 2716; 3306; 1046
1236; 3736; 3192;  962
1239; 2540; 3624;  832
1241; 2516; 3378; 1086
1242; 2686; 3264; 1250
1244; 2364; 3300; 1432
1245; 1766; 3426; 1348
1247; 1322; 3474; 1390
1249; 1096; 3680; 1668
1250; 1112; 3698; 1850
1252; 1186; 3768; 1810
1253; 1534; 3782; 1600
1255; 1826; 3738; 1702
1256; 1926; 3604; 1824
1258; 1684; 3450; 2240
1260; 1536; 3490; 1994
1261; 1668; 3548; 1996
1263; 1620; 3452; 2048
1266; 1956; 3512; 1870
1267; 2090; 3462; 1894
1269; 1964; 3456; 1914
1271; 2088; 3562; 1714
1272; 2026; 3652; 1524
1274; 2222; 3544; 1274
1275; 2382; 3436; 1162
1277; 2308; 3316; 1134
1278; 2406; 3246; 1242
1280; 2712; 3230; 1168
1282; 2634; 3328; 1380
1283; 2658; 3434; 1330
1285; 2656; 3348; 1184
1286; 2578; 3410; 1230
1288; 2312; 3516;  974
1289; 2216; 3460; 1076
1291; 1976; 3356; 1302
1293; 1564; 3536; 1716
1294; 1510; 3552; 1804
1297;  844; 3786; 2588
1299; 1284; 3758; 2208
1300; 1544; 3700; 2144
1302; 1884; 3640; 1706
1303; 1918; 3448; 1536
1305; 2242; 3428; 1218
1307; 2250; 3398; 1364
1308; 2070; 3434; 1476
1310; 2668; 3336; 1334
1311; 2480; 3484; 1390
1313; 2692; 3360; 1228
1315; 2698; 3344; 1054
1316; 2448; 3442; 1100
1318; 2530; 3376; 1004
1319; 2548; 3446; 1170
1322; 2558; 3348; 1418
1324; 2310; 3400; 1394
1326; 1864; 3478; 1544
1327; 1870; 3388; 1568
1329; 1068; 3586; 1940
1330; 1068; 3566; 2110
1332; 1320; 3638; 2164
1334; 1850; 3562; 2044
1335; 2050; 3508; 2062
1337; 1966; 3446; 2002
1338; 1992; 3372; 1922
1340; 1744; 3452; 1680
1341; 1668; 3516; 1922
1343; 1688; 3608; 1886
1345; 1806; 3572; 1482
1346; 2022; 3630; 1322
1348; 2700; 3250; 1262
1349; 2602; 3282; 1340
1351; 3182; 3226;  966
1352; 3354; 3194;  630
1356; 1890; 3438; 1808
1357; 1956; 3462; 1718
1359; 2286; 3626; 1196
1360; 2414; 3528; 1392
1362; 2200; 3500; 1570
1363; 2186; 3592; 1334
1365; 2476; 3558;  694
1367; 2314; 3388; 1232
1368; 2330; 3432; 1390
1370; 2576; 3450; 1210
1371; 2750; 3546; 1166
1373; 2446; 3434;  962
1374; 2552; 3488;  798
1376; 2940; 3448;  894
1378; 2822; 3394; 1148
1379; 2566; 3354; 1556
1382; 1970; 3442; 1392
1384; 1350; 3512; 1890
1385;  938; 3722; 2068
1387;  590; 3746; 2194
1389; 1428; 3706; 1870
1390; 1564; 3684; 1916
1392; 1776; 3542; 1948
1395; 2154; 3380; 1572
1396; 2158; 3334; 1602
1398; 1970; 3442; 1696
1399; 2080; 3392; 1508
1401; 2552; 3460; 1064
1403; 3146; 3236;  854
1404; 2466; 3290; 1090
1406; 2302; 3366; 1458
1407; 2308; 3330; 1536
1409; 2202; 3318; 1428
1411; 2190; 3338; 1684
1414; 1348; 3510; 1948
1415;  978; 3668; 1984
1417;  836; 3798; 1764
1418;  630; 3852; 1628
1420;  976; 3656; 2150
1422; 2120; 3624; 2738
1423; 1748; 3458; 2968
1425; 1704; 3496; 1686
1426; 1826; 3448; 1484
1428; 3136; 3142; 1796
1429; 3104; 3286; 1630
1431; 2122; 3352; 1258
1433; 2518; 3340; 1044
1436; 2590; 3382; 1526
1440; 1324; 3222; 1636
1442;  194; 3726; 1956
1444; -558; 4038; 2342
1445; -114; 3938; 2458
1447;  554; 3954; 2074
1448; 1736; 3662; 1814
1450; 2426; 3462; 1802
1451; 2812; 3276; 1660
1455; 2530; 3374; 1422
1456; 2346; 3316; 1144
1458; 2138; 3342; 1008
1459; 2246; 3496; 1040
1461; 2700; 3426; 1044
1462; 2768; 3488; 1086
1463; 2730; 3660; 1092
1466; 2318; 3644;  970
1467; 2196; 3402; 1186
1469;  848; 3634; 1732
1472; -180; 3966; 2396
1473;  622; 3764; 2300
1475;  958; 3706; 2074
1477; 2930; 3288; 2092
1478; 2528; 3148; 1980
1480; 2420; 3320; 1376
1481; 2116; 3656; 1214
1483; 1532; 3694; 1424
1485; 1376; 3846; 1152
1486; 1468; 3848;  832
1488; 2814; 3464;  962
1489; 3298; 3384;  784
1491; 3726; 3248;  860
1492; 3056; 3520;  630
1494; 2684; 3366;  892
1495; 2434; 3304; 1198
1497; 2114; 3236; 1458
1499;  270; 3592; 2530
1500; -140; 4008; 2996
1502; -240; 4206; 2436
1503;  350; 4008; 2276
1505; 2130; 3594; 1896
1507; 2342; 3430; 1338
1508; 2648; 3372; 1014
1510; 3000; 3018; 1074
1511; 3624; 2874; 1116
1513; 2654; 3230;  966
1514; 2750; 3516;  554
1516; 2346; 3822;  786
1518; 2556; 3474; 1354
1521; -154; 3956; 2524
1522; -914; 3984; 2976
1524;  -56; 4038; 2230
1525;  930; 3762; 1914
1527; 3622; 3188; 1520
1529; 2962; 3082;  858
1530; 3570; 2884;  968
1532; 1326; 3438; 1328
1535;  844; 3784; 2146
1536; 1054; 3958; 2244
1538; 1298; 4054; 1638
1540; 2940; 3328; 1796
1541; 3496; 3242; 1884
1543; 3972; 2930; 1540
1544; 2822; 3166; 1140
1546; 2934; 3042;  882
1547; 2840; 3136; 1014
1549;  564; 3418; 1840
1551; -194; 3748; 2320
1552; -694; 4232; 2512
1554;  368; 4304; 2022
1557; 2008; 3724; 1362
1558; 2762; 3456; 1396
1559; 2600; 3290; 1220
1562; 3458; 2790; 1476
1563; 3404; 2768; 1984
1565; 2470; 3322; 1282
1566; 2494; 3514; 1176
1568; 2142; 3522; 1310
1569; 1012; 3886; 1472
1571;-1288; 4326; 2302
1573;  -84; 4112; 2082
1574;  598; 3976; 1804
1576; 3824; 3144; 1802
1577; 3560; 3138; 1604
1579; 3796; 3032; 1168
1580; 2188; 3452; 1092
1582; 1848; 3412;  990
1584; 1124; 3756; 1342
1585;   94; 3994; 2036
1587;   -8; 4154; 2392
1588;  830; 3944; 2176
1590; 3304; 2960; 2498
1591; 3984; 2922; 2070
1593; 2260; 3194; 1096
1595; 2120; 3336;  712
1596; 2136; 3382;  936
1598; 1366; 3170; 1406
1599; 1042; 3294; 1978
1601;  540; 3788; 2132
1602; 1020; 3804; 2248
1604; 1406; 3850; 2416
1606; 1054; 3630; 2314
1607; 1170; 3416; 2516
1609;  864; 3636; 2146
1610; -234; 3746; 1968
1612;  226; 3554; 2128
1613; 1020; 3406; 2246
1615; 2244; 3168; 2092
1617; 2160; 3476; 1542
1618; 1784; 3500; 1406
1620;  -92; 3418; 1696
1621; -734; 3448; 1950
1623;-2086; 3772; 1792
1625; -426; 3960; 2216
1626;  416; 3766; 2620
1628; 1582; 3496; 2554
1629; 2098; 3304; 2576
1631; 1790; 2984; 2176
1632; 1360; 2860; 2108
1634; 1270; 2904; 1942
1636; 1098; 3234; 2090
1637;  990; 3238; 2128
1639; -322; 3612; 2088
1640;   46; 3652; 2232
1642;-1062; 3630; 2214
1643;-1444; 3768; 2250
1647;  120; 3482; 2546
1648; 1002; 3286; 2606
1650; 1224; 3020; 2244
1651; 1188; 3002; 2152
1653;  662; 3290; 1698
1654;  734; 3348; 1866
1655;  668; 3322; 1964
1658;  452; 3630; 1942
1661; -196; 3498; 2226
1662; -392; 3576; 2286
1664;-1216; 3480; 2352
1665; -932; 3434; 2312
1669;  346; 3230; 2328
1670; 1040; 3188; 2428
1672; 1506; 3130; 2236
1673; 1144; 3122; 2050
1675;  494; 3234; 1890
1676;  688; 3236; 1908
1678;  622; 3382; 2044
1680;  456; 3440; 2002
1681;  428; 3408; 2052
1683;   18; 3474; 2286
1684; -666; 3530; 2208
1686;-1330; 3496; 2374
1687;-1022; 3462; 2464
1689; -538; 3500; 2422
1691;  202; 3416; 2512
1692;  636; 3294; 2440
1694;  432; 3282; 2236
1695;  492; 3262; 2050
1697;  370; 3178; 1906
1698;  410; 3460; 1602
1700;  180; 3404; 2128
1702;  640; 3378; 2020
1705;  684; 3346; 2472
1706;  414; 3324; 2418
1708;  844; 3142; 2426
1709;  792; 3208; 2406
1711;  780; 3198; 2330
1713; 1012; 3318; 2276
1714; 1064; 3256; 2302
1716;  818; 3370; 2298
1717; 1002; 3404; 2176
1719;  650; 3434; 2012
1720;  682; 3404; 2154
1722;  462; 3406; 2368
1724;  464; 3450; 2266
1725;  708; 3332; 2302
1727;  870; 3266; 2156
1728;  950; 3186; 2258
1730; 1112; 3254; 2332
1731; 1282; 3268; 2420
1733; 1402; 3364; 1942
1735;  882; 3474; 1828
1736;  656; 3272; 2154
1738;  778; 3288; 2658
1739;  786; 3418; 2470
1741; 1236; 3462; 1832
1743; 1404; 3282; 2442
1744; 1774; 3192; 2572
1746; 1180; 3374; 2494
1747; 1032; 3434; 2138
1749;  940; 3296; 2444
1750;  850; 3378; 2444
1751; 1084; 3406; 2100
1754; 2152; 3136; 1734
1755; 2474; 3034; 1684
1757; 2412; 3366; 1618
1758; 2000; 3472; 1644
1760; 1666; 3458; 2032
1763; 1626; 3294; 1732
1765;  866; 3428; 1816
1766;  836; 3392; 2310
1768;  450; 3502; 2696
1769;  492; 3576; 2832
1771; 1344; 3444; 2364
1772; 1492; 3538; 2164
1774; 1322; 3512; 2142
1776; 1270; 3442; 2410
1777; 1602; 3404; 2150
1779; 2126; 3250; 1486
1780; 2082; 3276; 1496
1782; 2360; 3194; 1568
1783; 2138; 3232; 1750
1785; 2012; 3418; 1884
1787; 1918; 3320; 1876
1788; 1564; 3316; 1766
1790; 1186; 3384; 2110
1791;  706; 3322; 2358
1793;  138; 3348; 3006
1794;  378; 3574; 2792
1796;  924; 3438; 2418
1798; 1738; 3434; 2156
1799; 2502; 3300; 1796
1801; 2228; 3336; 1772
1802; 2702; 3180; 1522
1804; 2390; 3140; 1516
1805; 2020; 3172; 1750
1807; 1756; 3334; 1714
1809; 1820; 3234; 1550
1810; 1540; 3348; 1792
1812;  982; 3354; 2100
1813;  530; 3402; 2642
1815;  354; 3650; 2906
1816; 1222; 3556; 2520
1818; 1348; 3406; 2454
1821; 2026; 3206; 2320
1823; 1944; 2988; 1920
1824; 1744; 3046; 1892
1826; 2468; 3026; 1458
1827; 2292; 3194; 1490
1829; 1924; 3442; 1816
1831; 1720; 3418; 1836
1832; 1582; 3342; 1764
1834; 1054; 3434; 2118
1835;  792; 3402; 2342
1837;  624; 3354; 2558
1838;  768; 3432; 2384
1840; 1440; 3364; 2354
1842; 1448; 3482; 2174
1843; 1668; 3402; 2098
1845; 1558; 3304; 2158
1846; 1524; 3406; 2154
1847; 1416; 3462; 2090
1849; 1400; 3492; 1960
1851; 1486; 3318; 1856
1853; 1762; 3400; 1858
1854; 1758; 3348; 1766
1856; 1836; 3336; 1754
1857; 1856; 3342; 1798
1859; 1802; 3362; 1934
1860; 1678; 3356; 1982
1862; 1994; 3492; 1832
1864; 1986; 3492; 1868
1865; 1826; 3348; 1834
1867; 1752; 3352; 1674
1868; 1876; 3338; 1684
1870; 1598; 3496; 1752
1871; 1648; 3364; 1916
1873; 1044; 3436; 1942
1875; 1106; 3450; 2360
1876;  796; 3502; 2612
1879; 1658; 3296; 2128
1881; 1556; 3360; 1902
1882; 1422; 3412; 2066
1884; 1386; 3384; 2246
1886; 1216; 3462; 2384
1887; 1034; 3556; 2330
1889; 1536; 3464; 2016
1890; 1654; 3416; 1966
1892; 1816; 3344; 1858
1893; 1948; 3310; 1782
1897; 2658; 3094; 1234
1898; 2496; 3266; 1378
1900; 2178; 3496; 1458
1901; 2202; 3490; 1570
1903; 2064; 3538; 1684
1904; 2044; 3402; 1660
1906; 1600; 3382; 1548
1908; 1688; 3460; 1764
1909; 1608; 3580; 1866
1911;  918; 3302; 2480
1912;  546; 3456; 3024
1914;  904; 3538; 2684
1915; 1214; 3506; 2286
1917; 1406; 3522; 2142
1919; 1514; 3530; 2420
1920; 1700; 3442; 2346
1922; 2206; 3246; 1608
1925; 2834; 3160;  808
1927; 2152; 3396; 1284
1928; 1970; 3402; 1584
1930; 1598; 3400; 1842
1931; 1788; 3384; 1750
1933; 2182; 3396; 1730
1934; 1584; 3482; 1980
1938;  948; 3382; 2288
1939; 1310; 3304; 2292
1941; 1148; 3340; 2246
1942; 1186; 3342; 2300
1943; 1284; 3392; 2242
1945; 1298; 3428; 2160
1947; 1074; 3320; 2322
1949;  754; 3452; 2560
1950; 1020; 3478; 2508
1952; 1594; 3462; 2032
1953; 1944; 3350; 1860
1955; 1872; 3266; 1948
1956; 1754; 3284; 1948
1958; 2082; 3306; 1708
1960; 2422; 3288; 1404
1961; 2556; 3266; 1252
1963; 2174; 3330; 1448
1964; 2274; 3320; 1594
1966; 1964; 3338; 1810
1967; 1912; 3362; 1790
1969; 1712; 3408; 1602
1971; 1474; 3472; 1800
1972; 1276; 3434; 2054
1974;  948; 3482; 2406
1975;  876; 3374; 2562
1977;  980; 3466; 2602
1978; 1478; 3444; 2364
1980; 1276; 3380; 2254
1982; 1130; 3324; 2372
1983; 1088; 3382; 2390
1985; 1654; 3350; 1884
1986; 1514; 3528; 1894
1988; 1938; 3426; 1926
1989; 1848; 3502; 1888
1991; 2244; 3310; 1664
1993; 2370; 3250; 1200
1996; 1978; 3356; 1520
1997; 2008; 3328; 1646
1999; 2012; 3354; 1698
2000; 2044; 3322; 1738
2002; 1766; 3370; 1832
2004; 1276; 3432; 1750
2005; 1504; 3506; 1982
2007; 1440; 3432; 1998
2008; 1116; 3460; 2250
2010; 1046; 3516; 2322
2011; 1120; 3464; 2478
2013; 1362; 3412; 2288
2015; 1020; 3314; 2212
2016;  850; 3340; 2356
2018; 1050; 3506; 2330
2019; 1376; 3470; 2164
2021; 1756; 3440; 1960
2022; 1428; 3536; 2102
2024; 1968; 3424; 1816
2026; 2154; 3192; 1606
2027; 2164; 3342; 1406
2029; 2676; 3274; 1000
2030; 2454; 3364; 1248
2032; 2178; 3364; 1678
2033; 1930; 3418; 1602
2035; 1712; 3428; 1594
2037; 1734; 3410; 1806
2038; 1602; 3460; 1744
2039; 1414; 3434; 1814
2041; 1264; 3504; 2162
2043; 1346; 3400; 2176
2044; 1334; 3406; 2160
2046; 1260; 3408; 2268
2048; 1524; 3452; 2052
2049; 1560; 3532; 1904
2051; 1544; 3562; 1884
2054; 1146; 3398; 2264
2055; 1076; 3418; 2288
2057; 1220; 3398; 2092
2059; 1804; 3474; 1904
2060; 1898; 3432; 1894
2062; 1700; 3488; 2062
2063; 1574; 3446; 1976
2065; 1370; 3458; 2076
2066; 1334; 3498; 2122
2068; 1482; 3462; 1956
2070; 2176; 3286; 1570
2071; 2442; 3286; 1352
2073; 2832; 3258;  982
2074; 2392; 3350; 1120
2076; 2276; 3286; 1554
2078; 1818; 3524; 1574
2081; 1452; 3528; 1710
2082; 1596; 3482; 1914
2084; 1156; 3592; 2190
2085; 1354; 3494; 2400
2087;  902; 3456; 2626
2089; 1110; 3396; 2370
2090;  964; 3480; 2318
2092; 1354; 3546; 2262
2093; 1386; 3536; 2228
2095; 1884; 3430; 1876
2096; 1970; 3446; 1664
2098; 2574; 3264; 1322
2100; 2988; 3224;  812
2101; 2472; 3392;  938
2103; 2386; 3394; 1318
2104; 2152; 3332; 1376
2106; 1942; 3370; 1568
2107; 1506; 3576; 1422
2109; 1204; 3470; 1976
2112;  552; 3510; 2834
2114;  806; 3408; 2790
2115; 1668; 3336; 2232
2117; 1520; 3476; 2170
2118; 1400; 3504; 2466
2120; 1448; 3434; 2132
2122; 1600; 3412; 1744
2123; 1642; 3420; 1742
2125; 2148; 3484; 1424
2126; 2138; 3462; 1356
2128; 2520; 3354; 1164
2129; 2718; 3246; 1002
2131; 2228; 3376; 1376
2134; 2056; 3380; 1612
2135; 2094; 3256; 1596
2137; 1674; 3552; 1520
2139; 1374; 3506; 2178
2140;  894; 3596; 2482
2142;  380; 3630; 2852
2144; 1122; 3414; 2100
2145;  978; 3410; 2316
2147; 1114; 3574; 2324
2148; 1278; 3480; 2160
2150; 1458; 3350; 2034
2151; 1748; 3504; 1926
2153; 2950; 3218;  934
2155; 3034; 3308;  708
2156; 2178; 3410; 1082
2158; 1994; 3502; 1320
2159; 1872; 3470; 1376
2161; 1894; 3542; 1514
2162; 1362; 3630; 1666
2164; 1590; 3624; 2050
2166; 1726; 3496; 1880
2167; 1618; 3488; 1876
2170; 1664; 3446; 1876
2172; 1702; 3482; 1762
2173; 1812; 3514; 1542
2175; 1918; 3650; 1486
2177; 1636; 3630; 1778
2178; 1482; 3694; 2012
2180; 1144; 3708; 2300
2181; 1268; 3578; 2008
2183; 1386; 3598; 1974
2184; 1670; 3520; 1802
2186; 2004; 3388; 1620
2188; 2296; 3392; 1568
2189; 2462; 3350; 1376
2192; 2636; 3420;  894
2194; 2286; 3406; 1144
2195; 2192; 3474; 1216
2197; 2010; 3554; 1328
2199; 1622; 3602; 1294
2200; 1506; 3504; 1608
2202; 1478; 3498; 1894
2203; 1266; 3524; 2126
2205; 1464; 3644; 2052
2206; 1364; 3644; 2070
2208; 1574; 3476; 1904
2210; 1360; 3474; 2182
2211; 1156; 3408; 2366
2213; 1094; 3508; 2190
2214; 1204; 3528; 2038
2216; 1382; 3606; 1844
2218; 1614; 3566; 1912
2219; 1906; 3516; 1820
2221; 1710; 3514; 1878
2222; 1762; 3492; 1982
2224; 1830; 3482; 1838
2225; 1980; 3478; 1648
2229; 2766; 3224;  840
2230; 2870; 3290;  806
2231; 2546; 3342;  922
2233; 2394; 3448; 1340
2235; 2112; 3502; 1246
2236; 2186; 3462; 1248
2238; 2010; 3524; 1272
2240; 1698; 3382; 1838
2241; 1514; 3360; 1958
2243; 1338; 3460; 2366
2244; 1106; 3548; 2376
2246; 1098; 3540; 2576
2247; 1474; 3504; 2352
2249; 1682; 3428; 1998
2251; 1376; 3476; 2420
2252; 1350; 3512; 2248
2254; 1348; 3526; 2088
2255; 1530; 3548; 1844
2257; 1840; 3410; 1550
2258; 1998; 3448; 1858
2260; 1716; 3428; 1880
2262; 1780; 3478; 1872
2263; 2014; 3400; 1602
2265; 2430; 3306; 1252
2266; 2624; 3328; 1028
2268; 2564; 3362; 1128
2269; 2318; 3434; 1442
2271; 2284; 3404; 1536
2273; 1860; 3476; 1482
2274; 1724; 3440; 1566
2277; 1690; 3580; 1734
2279; 1730; 3444; 1782
2280; 1850; 3430; 1744
2282; 1700; 3476; 1808
2284; 1538; 3506; 2094
2285; 1244; 3490; 2402
2287; 1214; 3564; 2492
2288; 1248; 3556; 2206
2291; 2170; 3410; 1700
2293; 1972; 3506; 1728
2295; 1932; 3440; 1868
2296; 1966; 3462; 1700
2298; 2206; 3380; 1376
2299; 2476; 3264; 1078
2301; 2378; 3364; 1120
2302; 2106; 3474; 1428
2306; 1886; 3476; 1550
2307; 1782; 3472; 1632
2309; 1906; 3478; 1676
2310; 1878; 3434; 1736
2312; 1778; 3430; 1618
2313; 1656; 3408; 1788
2315; 1752; 3428; 1890
2317; 1684; 3452; 2074
2318; 1446; 3472; 2070
2320; 1386; 3534; 2206
2321; 1388; 3476; 2296
2323; 1886; 3328; 1780
2324; 1822; 3346; 1750
2326; 2036; 3330; 2008
2327; 2040; 3430; 2018
2329; 1884; 3706; 1790
2331; 1868; 3714; 1716
2332; 1560; 3654; 1860
2334; 1206; 3664; 1366
2335; 1198; 3652; 1500
2337; 1578; 3558; 1584
2339; 2028; 3354; 1442
2340; 2292; 3306; 1448
2342; 2518; 3344; 1526
2343; 2656; 3366; 1502
2345; 2976; 3396; 1464
2346; 2724; 3478; 1644
2348; 2340; 3514; 1538
2350; 2274; 3556; 1430
2351; 2342; 3594; 1300
2353; 2268; 3508; 1182
2354; 2154; 3526; 1240
2356; 1984; 3654; 1686
2359; 2850; 3330;  882
2361; 3068; 3222;  636
2362; 2688; 3302;  714
2364; 2574; 3472;  864
2365; 2702; 3514; 1020
2367; 2788; 3546; 1194
2369; 2516; 3484; 1432
2372; 1532; 3732; 1366
2373; 1194; 3766; 1488
2375;  568; 3854; 1606
2376;  622; 3994; 1570
2378; 1336; 3816; 1392
2380; 1122; 3862; 1184
2381; 1330; 3844; 1148
2383; 2260; 3448; 1238
2384; 2168; 3450; 1384
2386; 2474; 3548; 1412
2387; 2702; 3642; 1672
2389; 3482; 3278; 1502
2391; 3506; 3128; 1106
2392; 3226; 3262; 1074
2394; 2694; 3494;  776
2395; 2808; 3526;  738
2397; 2596; 3530;  756
2398; 2080; 3638;  846
2400; 2070; 3688;  986
2403; 1420; 3930; 1330
2405; 1294; 3984; 1544
2406; 1436; 3918; 1442
2408; 1760; 3700; 1432
2409; 1722; 3796; 1472
2411; 1232; 3986; 1424
2413; 2038; 3392; 1092
2414; 2148; 3328; 1250
2416; 2692; 3476; 1230
2417; 2538; 3790; 1382
2419; 3208; 3522; 1472
2420; 2896; 3332; 1132
2422; 2648; 3304; 1078
2425; 2896; 3466; 1112
2427; 2710; 3502;  666
2430; 2296; 3714;  484
2431; 1900; 3694;  650
2433; 1014; 4050; 1064
2435;  654; 4258; 1744
2436;  852; 4052; 1824
2438; 1504; 3862; 1606
2439; 1516; 3840; 1352
2441; 2336; 3594; 1334
2442; 2190; 3530; 1500
2444; 2370; 3574; 1188
2446; 3272; 3338; 1104
2447; 3708; 3234; 1106
2449; 3498; 3184;  904
2450; 2792; 3492;  860
2452; 2678; 3526; 1078
2453; 2910; 3478; 1134
2455; 2290; 3500; 1248
2457; 1996; 3724; 1006
2458; 1444; 3914;  958
2460; 1224; 3946; 1252
2461; 1018; 4002; 1224
2463; 1488; 4138; 1124
2464; 1746; 4068; 1054
2466; 1252; 3780; 1560
2468; 1350; 3726; 1216
2469; 1588; 3600;  990
2471; 2206; 3372; 1196
2472; 2454; 3532; 1104
2474; 3262; 3426; 1110
2475; 3634; 3406; 1210
2477; 2824; 3556; 1180
2479; 2614; 3638; 1076
2480; 2444; 3562;  820
2482; 2558; 3654;  790
2483; 2448; 3684;  848
2485; 2180; 3656;  788
2486; 1916; 3692;  844
2487; 1580; 3784;  830
2490; 1252; 3962; 1304
2491; 1280; 3916; 1286
2493; 2034; 3902;  826
2496; 1986; 4004; 1522
2497; 2086; 3762; 1522
2499; 2392; 3458; 1146
2501; 2754; 3348;  602
2502; 3014; 3338;  626
2504; 2938; 3610;  158
2505; 2692; 3786;  422
2507; 2414; 3794;  792
2510; 2178; 3880;  914
2512; 2152; 3874;  842
2513; 2410; 3896;  984
2515; 2390; 3780; 1124
2516; 2260; 3712; 1150
2519; 1800; 3754; 1228
2521; 1774; 3826; 1034
2523; 1724; 4050;  268
2524; 1760; 3964;   76
2526; 1952; 3840;  158
2527; 2060; 3928;  128
2529; 2140; 3860;  588
2531; 2248; 3832;  816
2532; 2422; 3884;  946
2534; 2284; 3874;  706
2535; 2082; 3878;  824
2537; 2034; 3870;  548
2538; 2010; 3846;  656
2540; 2054; 3920;  602
2542; 2072; 3780;  822
2543; 2144; 3778;  868
2545; 2254; 3762;  796
2546; 2168; 3848;  858
2548; 2280; 3818;  780
2549; 2172; 3900;  844
2551; 2256; 3840;  700
2553; 2204; 3818;  742
2554; 2242; 3762;  696
2556; 2160; 3736;  698
