0;538;3480;2014
1;374;3429;1883
2;291;3357;1750
3;453;3289;1687
4;702;3260;1890
5;1035;3266;2232
6;1135;3233;2423
7;1122;3256;2297
8;947;3289;1998
9;781;3314;1876
10;689;3329;2210
12;461;3279;2592
14;649;3348;2771
16;736;3367;2626
17;975;3413;2887
19;157;3394;2713
20;109;3451;2546
22;174;3601;1923
23;813;3785;1558
25;896;3881;1270
27;1243;3662;1003
30;1821;3343;1283
31;2431;2979;1720
33;2761;2865;2261
34;2551;3018;2390
36;2147;3280;2163
38;1707;3535;1905
39;1707;3569;1676
41;1535;3659;1469
42;1150;3762;1240
44;701;3954;1008
45;693;3957;461
49;1099;3795;291
50;1946;3494;529
52;2815;3411;1193
53;3662;3527;1435
54;4074;3600;1531
56;3713;3667;1424
58;2954;3679;1337
60;2221;3755;1085
61;2036;3669;1138
63;2107;3584;1159
64;2197;3595;1127
66;2248;3719;864
67;2031;3835;387
71;1895;3863;26
72;1765;3778;-305
74;1923;3641;-391
75;2327;3454;-127
77;2791;3355;290
78;3301;3334;782
80;3453;3403;841
82;3353;3518;831
83;2959;3595;653
86;2617;3643;519
88;2455;3590;431
89;2612;3535;544
93;2785;3506;500
94;2907;3485;517
97;2839;3499;644
99;2806;3487;877
100;2746;3519;748
102;2826;3539;594
104;2816;3570;617
105;2861;3555;932
107;2814;3607;969
108;2817;3668;907
110;2769;3725;845
111;2717;3705;947
115;2644;3636;1067
116;2549;3658;1034
118;2461;3741;769
119;2195;3897;416
121;1946;4027;163
122;1660;4121;-61
124;1718;4114;-148
126;1869;4031;-276
127;2024;3747;-286
129;2203;3476;-17
130;2700;3279;785
132;3623;3334;1797
134;4178;3433;2476
135;4123;3611;2239
137;3063;3825;1598
138;1855;4212;549
140;704;4331;-55
141;124;4238;-618
143;317;3871;-883
145;913;3487;-898
146;2159;3101;307
148;3122;2932;1846
149;4099;3073;3257
150;4139;3389;3413
152;3540;3693;2648
154;2323;4044;1375
156;1124;4272;359
157;129;4237;-156
159;-96;3899;-273
160;427;3541;-279
162;1420;3286;275
163;2285;3253;1287
165;3086;3357;2290
167;3449;3574;2797
168;3309;3757;2310
170;2668;3865;1511
171;1972;4011;629
173;1400;4035;325
174;800;4057;102
176;728;3954;146
178;869;3854;239
179;1556;3715;774
181;2119;3661;1336
182;2731;3678;1865
184;2861;3771;2106
187;2879;3797;1935
188;2241;3955;1357
190;1369;4121;591
192;445;4214;41
193;-45;4082;-276
195;13;3860;-428
196;557;3544;0
198;1712;3357;1267
200;2999;3351;2651
201;3776;3479;3510
203;3903;3548;3213
204;3060;3639;2171
206;2049;3957;885
207;756;4129;29
209;44;4119;-569
211;-267;3830;-759
212;470;3462;-435
214;1339;3137;767
215;2383;3059;2330
217;3017;3284;3534
218;3305;3627;3676
220;2691;3905;2833
222;1915;4144;1497
223;925;4212;498
225;161;4195;-134
226;-304;3974;-323
228;-173;3779;-390
229;754;3407;387
231;1741;3309;1597
233;2638;3273;2907
234;2997;3564;3345
236;2777;3762;2889
237;2311;3962;2078
239;1499;4111;1164
240;648;4149;503
242;37;4003;237
245;43;3767;271
246;595;3579;978
248;1512;3573;1853
250;2311;3608;2746
251;2610;3769;2410
255;2499;3865;1734
256;1738;4029;739
258;1027;4030;434
259;-7;4027;200
261;-157;3900;297
263;-13;3761;428
264;967;3567;1201
266;1785;3447;2005
267;2751;3412;2890
269;3159;3429;3138
270;3110;3532;2649
272;2244;3689;1813
274;1283;3878;941
275;123;3966;598
277;-679;4003;458
278;-849;3941;509
280;-244;3759;785
281;925;3513;1649
283;1939;3389;2533
285;2788;3348;3260
286;2925;3428;2984
288;2675;3547;2321
289;1745;3733;1515
291;1140;3879;990
292;260;4015;557
294;-290;4013;390
296;-687;3960;467
297;-277;3761;1020
299;555;3583;1655
300;1705;3346;2627
303;2323;3283;3008
305;2606;3368;2700
307;2451;3527;1984
308;1890;3703;1227
310;1157;3797;935
311;-117;3959;563
313;-1103;4025;455
314;-1439;4017;496
316;-673;3819;1023
318;420;3569;1769
319;1617;3385;2718
322;2154;3395;3055
324;2377;3489;2821
325;2243;3586;2131
327;1745;3732;1359
329;1001;3955;875
330;-245;4112;511
332;-1194;4113;432
333;-1277;3981;561
335;-581;3854;749
336;625;3667;1387
338;1775;3447;2213
340;2685;3271;3117
341;3264;3212;3469
342;3013;3359;2889
344;2607;3481;2077
346;1689;3675;1222
347;897;3727;833
349;-337;3887;589
351;-1115;3944;492
352;-1127;3877;795
354;-320;3675;1262
355;808;3439;2087
357;1725;3265;2842
358;2600;3165;3479
360;2658;3315;3003
362;2535;3557;2185
363;1468;3788;1202
365;935;3730;973
366;-233;3725;869
368;-739;3779;834
369;-882;3873;1030
371;-78;3837;1428
373;906;3731;1922
374;1631;3678;2130
376;2035;3649;2117
377;2109;3629;1961
379;1923;3587;1815
380;1481;3617;1690
382;1119;3638;1637
384;861;3705;1585
385;787;3745;1517
387;960;3852;1415
388;1171;3825;1206
390;1677;3685;1242
391;2015;3429;1332
393;2505;3277;1675
395;2886;3205;1843
396;3173;3303;1705
398;3300;3428;1576
399;2987;3602;1337
401;2660;3681;1305
402;2170;3743;1233
404;1532;3829;1109
406;988;3965;1175
407;600;3993;1160
410;747;3949;1310
412;1014;3673;1414
413;1748;3399;1825
415;2698;3145;2207
417;3125;3105;2297
420;3067;3251;1921
421;2119;3498;1383
423;1081;3708;1198
425;-337;3795;1123
426;-1268;3795;1301
428;-1193;3700;1437
429;-72;3569;1872
431;1276;3438;2295
432;2527;3364;2600
434;3020;3357;2676
436;3173;3346;2400
437;2795;3400;1975
438;2622;3439;1410
440;2131;3493;1101
442;1482;3544;999
443;560;3671;1033
445;19;3791;1185
447;-128;3861;1411
448;-40;3877;1733
450;215;3820;2028
451;635;3712;2333
453;1122;3636;2468
454;1810;3438;2605
456;2483;3205;2685
458;2673;3099;2377
461;2704;3296;1766
462;1972;3607;1019
464;1564;3733;679
465;480;3759;683
467;-401;3823;729
469;-1023;3819;835
470;-307;3580;1465
472;935;3299;2261
473;2295;3101;3103
475;3255;3029;3487
476;3500;3065;3219
478;3469;3179;2465
480;2254;3479;1472
481;1080;3707;933
483;-95;3733;839
484;-730;3756;759
486;-583;3642;926
487;110;3530;1477
489;1579;3289;2351
491;2825;3127;3041
492;3363;3173;3163
494;3199;3313;2654
495;2816;3409;2024
497;1993;3628;1248
498;1273;3658;934
500;45;3777;817
502;-868;3712;953
503;-1138;3723;1112
505;-481;3589;1469
506;902;3464;2121
508;1967;3386;2659
509;3029;3368;3049
511;3091;3497;2661
513;2967;3582;2095
514;1835;3743;1311
517;818;3753;1007
519;-219;3737;911
520;-802;3750;972
522;-551;3641;1321
524;6;3558;1734
525;1263;3406;2353
527;2163;3356;2792
528;2997;3341;3111
530;3173;3439;2962
531;3063;3581;2261
533;2783;3633;1574
534;2001;3689;992
536;1022;3694;886
538;-285;3761;835
539;-1125;3767;991
541;-1259;3713;1253
542;-508;3623;1738
544;1011;3481;2233
546;2229;3349;2659
547;3127;3298;2792
549;3193;3321;2559
550;3057;3460;1964
552;2570;3515;1407
553;1816;3613;1121
555;802;3653;1289
557;-544;3859;1459
558;-1251;3978;1631
560;-1212;3997;1750
561;-59;3801;1965
563;1253;3556;2201
564;2683;3267;2531
566;3054;3263;2240
569;3095;3243;1710
571;2421;3403;1042
572;1455;3498;849
574;533;3565;961
575;-520;3712;1225
577;-513;3746;1751
579;-112;3799;2240
580;1210;3640;2601
582;2351;3478;2721
583;3192;3323;2647
585;3242;3335;2253
586;3102;3335;1629
588;2120;3538;1026
590;1555;3539;762
591;224;3751;823
594;-127;3863;1073
596;-205;4051;1289
598;1062;3883;1646
601;2207;3568;1975
602;3214;3222;2455
604;3367;3030;2584
605;3188;3119;2323
607;2354;3369;1884
609;1385;3861;1267
610;243;4099;1026
612;-833;4260;710
613;-903;4046;806
616;145;3747;1259
618;1874;3439;2044
620;3181;3221;2840
621;3529;3288;2795
623;3350;3383;2178
624;2614;3579;1356
626;1573;3768;852
627;100;3916;665
629;-1029;3959;621
630;-1106;3795;923
632;-45;3579;1531
634;1227;3449;2217
635;2518;3335;2839
637;3339;3337;3131
638;3413;3461;2650
640;3102;3580;1813
642;1907;3769;906
643;891;3841;592
645;-336;3855;564
646;-906;3807;664
648;-868;3721;932
649;-113;3689;1435
651;1344;3563;2126
653;2625;3479;2648
654;3508;3409;2864
656;3454;3475;2491
657;3339;3511;1858
659;2702;3574;1264
660;1943;3560;890
662;405;3701;795
664;-399;3760;869
667;-499;3791;1183
668;827;3637;1802
670;1937;3579;2222
671;3147;3471;2613
673;3391;3519;2351
675;3231;3658;1785
676;2627;3734;1145
678;1799;3769;715
679;646;3705;679
681;-513;3735;741
682;-1056;3693;963
684;-398;3594;1380
686;671;3483;1855
687;2208;3395;2475
689;3251;3356;2775
690;3702;3522;2509
692;3424;3614;1827
693;3027;3766;1069
694;2187;3786;615
697;1129;3796;481
698;-474;3794;627
701;-729;3709;1314
703;-265;3669;2008
704;1197;3574;2708
706;2483;3453;3005
708;2995;3478;2568
711;2959;3499;1849
712;1901;3644;1093
714;1412;3608;932
715;607;3669;839
717;-20;3861;825
719;-902;4100;991
720;-996;4245;1423
722;-377;4159;1831
723;821;3958;2254
725;1672;3733;2417
726;2487;3379;2544
728;2880;3071;2391
730;2949;2917;2071
731;2727;3025;1515
733;2430;3159;1187
734;1699;3362;983
736;1099;3489;962
737;194;3761;886
739;-215;3940;963
741;-445;4103;1137
742;-6;4029;1437
744;833;3826;1798
745;1742;3559;2289
747;2483;3375;2698
748;3131;3261;2876
750;2985;3397;2311
752;2721;3512;1601
753;1895;3617;985
755;1241;3631;853
756;61;3725;893
758;-860;3893;1079
760;-1076;3931;1459
761;-365;3885;1925
763;815;3754;2246
764;1989;3585;2499
766;2571;3543;2227
769;2717;3492;1851
771;2419;3497;1445
772;1818;3585;1314
774;1277;3703;1233
775;287;3985;1061
777;-389;4141;981
778;-860;4205;979
780;-360;4007;1151
782;507;3750;1456
783;1509;3467;1828
785;2162;3302;2201
786;2873;3199;2509
788;3083;3247;2530
789;2982;3361;2226
790;2223;3545;1678
793;1455;3701;1295
794;423;3867;1071
796;-566;3994;1012
797;-905;4031;1068
799;-642;3952;1287
800;526;3664;1726
802;1872;3429;2181
805;2814;3365;2186
807;3063;3500;1779
808;2688;3615;1163
810;2101;3660;868
811;1265;3659;791
813;98;3713;937
815;-688;3771;1081
816;-654;3777;1425
818;48;3699;1761
819;1371;3539;2305
821;2511;3388;2681
822;3489;3359;2767
824;3552;3422;2098
827;2894;3491;1399
829;1923;3541;789
830;907;3618;799
832;-123;3777;881
833;-1205;3886;1049
835;-1261;3859;1343
837;-429;3731;1722
838;1181;3625;2211
840;2329;3535;2537
841;3369;3465;2635
843;3599;3471;2360
844;3429;3533;1675
846;2319;3692;985
849;766;3733;697
851;-643;3772;886
852;-1258;3738;1231
854;-923;3715;1623
855;283;3603;2179
857;1817;3497;2678
859;3357;3335;2995
860;3693;3340;2545
862;3371;3395;1779
863;2477;3463;1063
865;1851;3501;794
866;945;3465;920
868;-135;3639;1046
870;-573;3757;1381
873;-226;3851;1707
874;1103;3686;2167
876;2172;3500;2598
877;3189;3237;2941
879;3231;3207;2499
881;2987;3251;1776
882;2023;3454;1022
885;1298;3619;787
886;213;3696;949
888;-730;3849;1135
890;-841;3877;1610
892;-215;3857;1921
893;1193;3647;2363
895;2231;3406;2653
896;3205;3207;2895
898;3442;3158;2762
899;3191;3303;2139
901;2287;3403;1555
903;1556;3463;1170
904;440;3515;1157
906;-445;3696;1152
907;-1288;3913;1203
909;-1176;3950;1404
910;-254;3829;1741
912;1182;3598;2187
914;2495;3405;2593
915;3363;3275;2799
917;3419;3296;2555
918;3060;3366;1897
920;1989;3548;1267
922;1305;3539;1017
923;318;3634;1097
925;-131;3699;1162
926;-897;3885;1233
928;-882;3917;1431
929;-464;3830;1732
931;839;3625;2199
934;2165;3395;2559
936;3071;3271;2758
937;2911;3357;2191
939;2449;3445;1563
940;1325;3592;1097
944;670;3621;1215
945;-117;3781;1409
947;-389;3849;1595
948;-477;3924;1821
950;-309;3911;2041
951;311;3821;2270
953;1129;3627;2438
955;2014;3409;2522
956;2670;3273;2358
958;2682;3294;1972
959;2538;3375;1533
961;2288;3379;1272
962;1825;3490;1159
964;1043;3647;1217
966;-38;3925;1286
967;-905;4048;1421
969;-1361;4104;1496
970;-899;3989;1687
972;63;3811;1949
973;1439;3559;2261
975;2468;3339;2425
977;3277;3176;2499
978;3102;3269;2090
980;2715;3471;1570
981;2207;3594;1071
982;1770;3627;996
984;943;3725;1029
986;-275;3864;1046
988;-1006;3884;1159
989;-923;3800;1329
991;-130;3681;1681
992;999;3542;2204
994;1837;3388;2805
995;2705;3230;3181
997;2829;3289;2769
999;2451;3382;1963
1002;1659;3671;1050
1003;630;3629;805
1005;-583;3713;830
1006;-1351;3668;1145
1008;-595;3635;1739
1011;1185;3449;2441
1013;2791;3251;2937
1014;3135;3338;2624
1016;2817;3493;1962
1017;2340;3581;1344
1019;1666;3574;1132
1021;915;3565;1113
1022;-267;3674;1195
1024;-1021;3792;1339
1025;-1219;3849;1709
1027;-819;3841;2027
1028;345;3703;2400
1030;1594;3490;2631
1032;2831;3229;2798
1033;3157;3121;2579
1035;2923;3185;2041
1036;2473;3329;1414
1038;1881;3479;1033
1039;1051;3664;929
1041;-309;3764;1099
1043;-1433;3885;1338
1044;-1743;3839;1786
1046;-1197;3825;2149
1047;141;3613;2517
1049;1355;3395;2780
1050;2668;3115;2933
1052;3010;3100;2626
1054;2953;3169;2015
1055;2485;3322;1391
1057;1760;3386;1268
1060;702;3559;1357
1061;-803;3914;1555
1063;-1233;4123;1697
1065;-941;4067;1865
1066;419;3723;2065
1068;1515;3421;2290
1069;2565;3143;2616
1071;3156;3017;2857
1072;3102;3073;2595
1074;2615;3243;2061
1076;1493;3746;1369
1078;83;4177;771
1082;-695;4443;329
1083;-409;4116;315
1085;873;3591;1155
1087;1799;3134;2139
1088;2672;2904;3143
1090;3052;2931;3525
1091;2946;3221;2952
1093;2308;3575;2039
1094;1025;4010;858
1096;31;4148;313
1098;-1005;4240;-268
1099;-525;4015;-344
1101;179;3756;-22
1102;1514;3406;1082
1104;2265;3298;2123
1105;3241;3337;2889
1107;3315;3649;2185
1109;3343;3735;1360
1110;2053;3803;734
1112;1246;3694;754
1113;467;3695;927
1115;995;3736;1123
1117;1517;3888;1395
1118;2033;3973;1691
1120;2250;4049;1801
1121;2353;4013;1745
1123;2326;3947;1546
1124;2246;3830;1317
1126;2027;3691;1430
1128;1800;3573;1603
1129;1525;3552;1834
1131;1367;3638;1857
1132;1330;3741;1963
1134;1395;3779;1964
1135;1579;3668;2041
1137;1668;3530;1911
1140;2009;3341;1730
1142;2470;3131;1423
1143;3191;2993;973
1145;3504;3007;649
1146;3441;3163;458
1148;2902;3327;666
1150;2456;3317;1070
1151;1757;3387;1781
1153;1257;3315;2487
1154;790;3455;3022
1157;1259;3358;2931
1159;1969;3411;2473
1161;2771;3326;1767
1162;3399;3188;1112
1164;3805;3055;571
1165;3812;3040;325
1167;3405;3138;391
1168;2752;3223;665
1170;2229;3159;1171
1172;1459;3244;1829
1173;935;3346;2498
1176;837;3551;2701
1178;1474;3485;2605
1179;2405;3262;2060
1181;3411;3025;1298
1183;4058;2918;573
1184;3982;3045;199
1186;3495;3126;309
1187;2681;3191;722
1189;2149;3203;1055
1190;1618;3148;1587
1192;1237;3246;2055
1194;1049;3365;2586
1195;1101;3551;2776
1197;1289;3634;2768
1198;1787;3517;2487
1200;2399;3339;2132
1201;3123;3088;1479
1203;3561;2977;956
1205;3523;2989;617
1206;3207;3091;661
1208;2646;3147;915
1209;2080;3263;1207
1211;1706;3291;1574
1212;1261;3357;2162
1214;1293;3414;2444
1217;1564;3501;2485
1219;2355;3452;2122
1220;3094;3209;1737
1222;3427;3121;1264
1225;3265;3109;976
1227;2771;3196;975
1228;2017;3191;1303
1230;1616;3219;1609
1231;1141;3269;2021
1233;1074;3382;2335
1234;1068;3530;2524
1236;1364;3645;2493
1238;1881;3573;2341
1239;2203;3518;2094
1241;2572;3413;1791
1242;2837;3353;1378
1244;3019;3182;1039
1246;2953;3111;831
1247;2609;3111;854
1249;2407;3165;987
1250;2183;3225;1179
1252;2065;3283;1370
1253;1754;3381;1708
1255;1521;3395;2224
1257;1232;3509;2727
1258;1263;3581;2932
1260;1449;3663;2787
1261;1873;3567;2464
1263;2158;3489;2143
1264;2426;3393;1749
1266;2634;3260;1317
1268;2959;3121;962
1269;3128;3051;625
1270;2978;3186;640
1274;2573;3323;832
1275;2021;3453;1265
1277;1529;3499;1775
1279;1143;3483;2353
1280;1099;3503;2745
1282;1215;3525;2766
1283;1639;3565;2395
1285;2035;3516;2037
1286;2597;3424;1660
1288;3044;3319;1215
1290;3092;3279;853
1293;2923;3293;669
1294;2377;3310;887
1296;2064;3337;1092
1297;1624;3381;1448
1299;1173;3490;2079
1301;775;3543;2792
1302;715;3621;3030
1304;1032;3630;2741
1305;1677;3603;2157
1307;2201;3495;1838
1308;2841;3376;1415
1310;3249;3301;865
1312;3437;3284;326
1313;3195;3303;106
1315;2812;3331;319
1316;2389;3357;667
1318;2083;3410;998
1319;1551;3453;1564
1321;1135;3457;2269
1323;907;3565;2760
1324;1056;3669;2701
1326;1665;3683;2324
1327;2244;3590;1889
1329;2823;3479;1595
1330;3072;3439;1141
1332;3081;3407;794
1334;2938;3351;533
1335;2699;3313;557
1337;2423;3296;759
1338;2123;3345;1045
1340;1735;3389;1342
1341;1394;3386;1893
1343;1129;3435;2441
1345;1128;3523;2752
1346;1599;3604;2499
1348;2201;3609;1927
1351;2837;3509;1406
1352;2973;3429;871
1356;2955;3332;581
1357;2637;3291;564
1359;2283;3233;865
1360;1749;3283;1403
1362;1236;3303;1949
1363;1005;3453;2429
1365;1096;3566;2499
1366;1628;3708;2243
1368;2181;3630;1809
1370;2892;3443;1371
1373;3315;3262;1006
1374;3438;3233;794
1376;3152;3268;731
1378;2779;3295;767
1379;2146;3301;1141
1381;1583;3317;1766
1382;1005;3377;2409
1384;766;3482;2605
1385;951;3581;2459
1387;1909;3527;1796
1392;2771;3417;1188
1395;3185;3269;713
1396;2696;3239;827
1398;2057;3296;1235
1400;1587;3298;1725
1401;961;3405;2357
1403;1014;3453;2569
1404;1167;3621;2463
1406;1829;3626;2105
1407;2521;3482;1737
1409;3177;3249;1289
1411;3613;3105;814
1412;3374;3144;718
1414;2895;3231;969
1415;2369;3279;1237
1417;2087;3256;1322
1418;1671;3359;1554
1420;1319;3490;1947
1423;1315;3601;2233
1425;1531;3596;2268
1426;2211;3446;1974
1428;2585;3345;1631
1429;3160;3181;1189
1430;3147;3209;917
1433;2976;3182;913
1436;2575;3247;1056
1437;2180;3313;1233
1439;2007;3343;1416
1441;1634;3477;1716
1442;1390;3499;2231
1444;946;3622;2674
1445;960;3639;2933
1447;1021;3737;2831
1448;1618;3664;2339
1450;2418;3480;1685
1452;3169;3222;1029
1453;3590;3096;593
1455;3252;3079;629
1458;2905;3101;788
1459;2368;3156;1101
1461;2014;3283;1279
1462;1609;3480;1669
1464;1168;3595;2254
1466;897;3607;2809
1467;969;3594;2947
1469;1249;3634;2845
1470;1985;3560;2320
1472;2625;3363;1810
1474;3065;3205;1227
1475;3231;3088;764
1477;3079;3103;551
1478;2943;3094;560
1480;2591;3177;767
1481;2130;3298;1024
1483;1731;3435;1427
1485;1313;3445;1980
1486;1005;3499;2657
1488;962;3569;2941
1489;1007;3758;2979
1491;1655;3716;2616
1492;2191;3587;2090
1494;2935;3371;1418
1496;3312;3202;777
1497;3369;3136;503
1499;3086;3139;541
1500;2644;3175;804
1502;2423;3133;952
1503;1787;3285;1609
1507;1257;3443;2187
1508;1137;3633;2596
1510;1576;3622;2375
1511;2213;3556;2066
1513;2691;3383;1759
1514;3136;3220;1279
1516;3169;3175;975
1518;2801;3213;987
1521;2425;3291;1177
1522;1973;3353;1387
1525;1635;3418;1678
1526;1181;3497;2168
1529;1219;3459;2468
1530;1265;3522;2565
1532;1686;3548;2415
1533;2301;3473;2027
1535;2811;3377;1517
1536;3266;3243;935
1538;3103;3349;604
1540;3027;3377;477
1541;2630;3420;699
1543;2407;3351;984
1544;2033;3358;1242
1546;1795;3315;1463
1547;1381;3334;2015
1549;1323;3348;2573
1551;1310;3447;2821
1552;1368;3572;2754
1554;1650;3629;2477
1555;2181;3546;2071
1557;2883;3451;1465
1558;3144;3329;895
1562;2993;3311;713
1563;2759;3239;756
1565;2499;3201;919
1566;2097;3183;1227
1568;1659;3250;1665
1569;1321;3319;2276
1571;1284;3426;2578
1573;1402;3515;2627
1574;1931;3541;2408
1576;2551;3426;2057
1577;3157;3249;1607
1579;3401;3141;1118
1580;3028;3053;1001
1584;2565;2980;1103
1585;1993;2983;1363
1587;1889;3115;1518
1588;1432;3245;1866
1590;1077;3317;2323
1591;720;3383;2583
1593;705;3418;2551
1595;869;3406;2525
1596;750;3281;2788
1598;671;3192;3039
1599;367;3168;2947
1601;447;3205;2783
1602;668;3203;2438
1606;959;3175;2353
1607;1296;3149;2133
1609;1553;3157;2135
1610;1710;3141;1991
1612;1627;3133;1976
1614;1512;3103;2011
1615;1235;3128;2158
1617;864;3201;2251
1618;295;3327;2394
1620;-174;3401;2513
1622;-112;3393;2699
1625;461;3328;2773
1626;1227;3241;2669
1629;1778;3097;2356
1631;1784;3041;2079
1632;1711;3057;1900
1634;1471;3161;1903
1636;1246;3197;1911
1637;892;3247;2067
1639;420;3308;2241
1640;-173;3361;2467
1642;-629;3381;2671
1643;-640;3398;2813
1645;83;3371;2817
1647;763;3301;2738
1648;1337;3127;2547
1650;1407;3072;2371
1651;1431;3093;2159
1653;1289;3187;2045
1654;1177;3235;2002
1656;1120;3223;2003
1659;781;3335;2080
1661;360;3376;2251
1662;-385;3408;2511
1664;-733;3361;2763
1665;-779;3398;2866
1667;-95;3403;2830
1669;719;3307;2759
1670;1515;3133;2568
1672;1992;2970;2377
1673;1923;3033;2057
1675;1771;3130;1923
1676;1517;3243;1825
1678;1240;3269;1800
1680;833;3292;1887
1681;107;3382;2133
1683;-567;3405;2469
1684;-880;3523;2755
1686;-541;3477;2883
1687;319;3393;2925
1689;1174;3167;2741
1691;1827;3033;2529
1692;1884;3002;2239
1694;1639;3047;2097
1695;1261;3130;1932
1697;1055;3221;1901
1700;540;3375;2002
1702;-114;3477;2261
1703;-576;3475;2619
1705;-695;3487;2829
1706;24;3365;2935
1708;517;3303;2858
1709;1355;3114;2720
1711;1677;3053;2473
1713;1831;3015;2253
1714;1607;3025;2079
1716;1208;3078;1979
1717;1163;3106;1914
1718;897;3246;1934
1722;667;3375;1998
1722;-5;3478;2259
1724;-570;3497;2549
1725;-806;3518;2839
1727;-393;3523;2922
1728;501;3464;2869
1730;1097;3337;2741
1731;1679;3132;2479
1733;1721;3018;2223
1735;1669;2989;2007
1736;1377;3055;1901
1739;1047;3169;1890
1741;639;3328;1968
1743;97;3459;2175
1744;-303;3541;2483
1746;-463;3537;2757
1747;-117;3530;2873
1749;401;3417;2816
1750;904;3303;2683
1752;1339;3144;2477
1754;1755;3047;2254
1755;1775;3072;2017
1758;1557;3141;1907
1760;1247;3189;1866
1761;1130;3206;1927
1763;809;3287;2045
1765;403;3393;2199
1766;-249;3486;2493
1768;-533;3511;2774
1769;-540;3523;2923
1771;1;3469;2899
1772;491;3383;2734
1774;1053;3249;2489
1776;1505;3121;2213
1777;1748;3063;1983
1779;1633;3125;1872
1780;1432;3159;1798
1782;1313;3199;1776
1783;1136;3209;1837
1785;896;3345;1951
1787;618;3447;2091
1788;279;3527;2323
1790;-88;3521;2565
1791;-206;3518;2778
1793;-48;3491;2815
1794;439;3405;2719
1796;704;3349;2565
1798;1002;3265;2384
1799;1122;3255;2209
1801;1225;3247;2068
1802;1365;3278;1938
1804;1434;3275;1835
1805;1425;3266;1813
1807;1317;3283;1901
1809;1249;3315;2043
1810;1235;3341;2148
1812;1165;3327;2222
1813;925;3358;2281
1816;728;3390;2309
1818;436;3450;2379
1820;129;3459;2462
1821;49;3411;2560
1823;2;3413;2551
1824;189;3387;2513
1826;391;3399;2451
1827;581;3347;2410
1829;955;3289;2307
1831;1093;3256;2210
1832;1445;3231;2023
1835;1379;3260;1959
1837;1305;3251;1911
1838;1162;3243;2010
1840;1149;3266;2080
1842;1158;3306;2151
1843;1077;3377;2207
1845;1029;3431;2255
1846;757;3447;2313
1848;314;3463;2428
1849;-112;3441;2562
1851;-163;3453;2605
1853;398;3359;2528
1856;794;3269;2411
1857;1205;3179;2305
1859;1229;3198;2182
1860;1477;3201;1995
1862;1313;3256;1909
1864;1181;3256;1885
1865;1003;3247;1981
1867;1099;3237;2073
1868;1211;3284;2157
1870;1296;3347;2206
1871;1165;3404;2223
1875;932;3434;2258
1876;369;3466;2383
1878;-281;3523;2535
1879;-557;3595;2589
1881;-461;3595;2586
1882;448;3431;2495
1884;966;3290;2435
1886;1413;3171;2271
1887;1399;3170;2135
1889;1529;3118;2005
1890;1436;3208;1930
1892;1258;3262;1907
1893;1039;3305;1945
1895;1131;3250;2013
1897;1169;3243;2077
1898;1252;3248;2129
1900;1234;3301;2149
1901;1053;3344;2254
1903;671;3411;2377
1904;87;3469;2553
1906;-210;3516;2692
1908;-494;3615;2747
1909;-291;3613;2689
1910;439;3489;2521
1912;1135;3297;2419
1914;1545;3162;2249
1916;1373;3164;2090
1917;1459;3149;1895
1919;1480;3159;1856
1920;1423;3169;1919
1922;1272;3203;2001
1923;1283;3249;2045
1925;1121;3286;2121
1927;976;3297;2191
1928;539;3367;2362
1930;118;3470;2532
1933;-207;3517;2691
1934;-137;3514;2717
1936;359;3422;2605
1938;775;3364;2445
1939;1127;3256;2294
1941;1276;3163;2134
1942;1519;3139;1983
1944;1581;3143;1868
1945;1537;3231;1835
1947;1311;3238;1869
1949;1183;3238;1938
1950;1179;3219;2041
1952;1131;3267;2166
1953;999;3347;2273
1955;680;3442;2384
1956;178;3462;2537
1958;-314;3481;2708
1960;-599;3487;2815
1961;-529;3524;2809
1963;-15;3508;2709
1964;439;3379;2521
1966;1229;3265;2283
1967;1727;3124;2046
1969;1983;3146;1843
1971;1804;3118;1767
1972;1463;3142;1747
1974;1371;3109;1793
1975;1073;3273;1861
1977;681;3367;2001
1978;-42;3482;2306
1980;-502;3475;2694
1982;-726;3604;2968
1983;-85;3541;3015
1985;422;3457;2871
1986;1112;3266;2622
1988;1481;3145;2265
1991;1701;3088;1929
1993;1649;3081;1777
1994;1324;3148;1799
1996;1279;3181;1877
1997;1066;3278;1957
1999;747;3361;2054
2000;227;3421;2308
2002;-339;3434;2630
2004;-631;3435;2937
2005;-632;3476;3037
2006;-18;3423;2942
2008;751;3347;2747
2010;1418;3227;2511
2011;1823;3118;2201
2013;1683;3107;1963
2015;1547;3059;1801
2016;1262;3114;1796
2018;1211;3129;1775
2019;1137;3173;1843
2021;893;3198;1923
2022;392;3296;2118
2024;-151;3379;2466
2026;-350;3405;2752
2027;33;3377;2789
2029;605;3363;2545
2030;1107;3357;2491
2032;1373;3419;2436
2033;1503;3375;2309
2035;1796;3423;2129
2037;1737;3352;1857
2038;1819;3345;1767
2040;1600;3213;1601
2041;1807;3102;1796
2043;1853;3066;1948
2044;1916;3149;1904
2046;1782;3181;1946
2048;1668;3151;2070
2049;1595;3163;2335
2051;1549;3235;2425
2052;1225;3299;2509
2054;797;3281;2727
2055;436;3273;3022
2057;571;3320;2963
2059;1052;3301;2733
2060;1557;3251;2365
2062;1931;3141;2210
2063;2282;3011;1960
2065;2774;2940;1598
2066;2732;2991;1354
2068;2427;3099;1409
2070;1940;3161;1598
2071;1646;3245;1779
2073;1361;3326;1913
2074;1152;3380;2167
2076;1157;3351;2353
2078;1187;3379;2449
2079;1189;3435;2496
2081;1150;3392;2587
2082;1179;3283;2780
2084;1100;3206;2779
2085;1184;3265;2537
2087;1582;3210;2161
2089;2119;3145;1761
2090;2738;2967;1444
2092;2665;3006;1261
2093;2431;3075;1339
2095;1995;3188;1575
2096;1830;3203;1734
2098;1639;3209;1900
2100;1589;3277;2048
2101;1483;3407;2185
2102;1387;3503;2425
2104;850;3517;2807
2106;455;3449;3143
2107;327;3431;3054
2109;960;3365;2635
2111;1540;3325;2286
2112;2013;3191;2047
2114;2157;3096;1875
2115;2438;3039;1583
2117;2445;3089;1461
2118;2266;3194;1507
2120;1887;3258;1631
2122;1551;3274;1771
2123;1121;3337;2020
2125;684;3383;2380
2126;392;3389;2855
2129;503;3365;2969
2131;1107;3307;2829
2133;1673;3251;2475
2134;2175;3153;2123
2136;2225;3141;1905
2137;2339;3099;1691
2139;2175;3107;1646
2140;1985;3047;1691
2142;1697;3124;1779
2144;1468;3159;1872
2145;1258;3271;2045
2147;1166;3239;2287
2148;1486;3217;2409
2150;2073;2947;2285
2151;2445;2871;2137
2153;2521;2652;2178
2155;2372;2619;2289
2156;2369;2456;2309
2158;2279;2470;2221
2159;2105;2629;2069
2161;1818;2761;1901
2162;1359;2766;2008
2164;642;2573;2454
2166;102;2353;2866
2167;-122;2197;3074
2169;5;1967;3089
2170;-268;1548;3223
2172;-977;1064;3458
2173;-1452;713;3927
2175;-1321;683;4267
2177;-901;755;4403
2178;-642;721;4233
2180;-655;564;4276
2181;-1139;352;4827
2183;-1001;403;4749
2184;-910;715;4355
2186;62;1015;3578
2188;501;1176;3361
2189;900;1089;3278
2191;933;1043;3117
2192;781;985;3039
2194;721;940;3029
2195;611;861;3245
2197;173;773;4000
2198;109;863;4164
2200;59;1003;4107
2202;432;1167;3531
2203;560;1155;3492
2205;642;1142;3566
2206;623;1111;3596
2208;485;1033;3599
2210;402;938;3499
2211;392;876;3475
2214;425;906;3499
2216;501;961;3550
2217;495;1017;3580
2219;495;1043;3620
2221;543;970;3577
2222;369;681;3538
2224;-12;461;3531
2225;-257;486;3652
2227;-85;880;3626
2228;327;1419;3411
2230;607;1781;3205
2232;753;1929;3177
2233;704;1698;3463
2235;379;1420;3786
2236;140;1109;4009
2238;64;945;3929
2239;145;845;3621
2241;203;815;3419
2243;287;817;3371
2244;373;896;3467
2246;378;1017;3537
2247;290;1107;3562
2249;207;1117;3557
2250;171;1113;3549
2252;195;1125;3569
2254;275;1145;3598
2255;283;1131;3591
2257;265;1081;3581
2258;207;1016;3561
2260;189;962;3534
2261;191;938;3532
2262;236;933;3492
2265;229;915;3454
2266;239;900;3436
2268;227;903;3468
2269;265;971;3563
2271;253;1069;3625
2273;235;1173;3686
2274;159;1193;3657
2276;149;1153;3653
2277;126;1071;3567
2279;139;1011;3519
2280;79;657;2301
