0; 1168; 3996; 1166
1; 1140; 3992; 1108
2; 1128; 4016; 1146
3; 1056; 4004; 1090
4; 1042; 4028; 1088
5; 1082; 4008; 1076
6; 1088; 4038; 1164
7; 1136; 4020; 1240
8; 1114; 4014; 1150
10; 1184; 4014; 1188
11; 1202; 4038; 1150
13; 1214; 4054; 1196
14; 1150; 3988; 1214
16; 1260; 3964; 1108
17; 1250; 3948; 1056
19; 1196; 3988; 1054
21; 1262; 3958; 1148
22; 1406; 4020; 1202
24; 1512; 3848; 1376
25; 1416; 3844; 1222
27; 1616; 3930;  766
28; 1654; 3778;  678
30; 1568; 3658; 1342
32; 1590; 3540; 1766
33; 1674; 3406; 2066
35; 1502; 3408; 1934
36; 1894; 3634; 1904
38; 1676; 3824; 1734
39; 1406; 3764; 1904
40; 1368; 3876; 1982
43; 1014; 4040; 1364
46; 1100; 3804; 1220
47; 1504; 3910;  950
49; 1886; 3762; 1148
50; 1776; 3638; 1056
52; 1738; 3734;  972
54; 1570; 3734; 1116
55; 1710; 3704; 1228
57; 1886; 3744; 1426
58; 1882; 3790; 1526
60; 1982; 3748; 1574
63; 1740; 3576; 1554
65;  926; 3882; 1550
66;  578; 3910; 1844
68;  480; 4108; 1736
69;  516; 4068; 1514
71;  802; 3856; 1242
72;  968; 3812; 1344
74; 2216; 3428; 1412
76; 3070; 3348; 1828
77; 3500; 3324; 1880
79; 3026; 3470; 1572
80; 2774; 3462;  896
82; 2210; 3652;  642
84; 1864; 3716;  704
85; 1556; 3554; 1378
87;  370; 4358; 1238
90; -752; 4252; 1552
91; -448; 4098; 1610
93;  338; 4016; 1254
95; 1768; 3508; 1534
96; 2080; 3262; 1924
98; 2576; 3336; 2016
99; 3676; 2994; 2280
102; 2624; 3346; 1716
104; 2222; 3598; 1062
106;  668; 3794; 1506
107; 1040; 4084;  766
109;  194; 4182; 1228
110; -762; 4502; 1640
112; -792; 4046; 1774
113; -418; 3882; 1724
115;  766; 3562; 1570
117; 2070; 2974; 2366
118; 2520; 3170; 2144
120; 3694; 2778; 2176
121; 3670; 2898; 2018
123; 2582; 3332; 1016
126;  756; 3860; 1404
128; -198; 3972; 1380
129; -408; 4088; 1468
131; -918; 4148; 2164
132; -428; 4040; 2102
134;  690; 3644; 2144
135; 1826; 3510; 1916
136; 2408; 3282; 1998
139; 4010; 2870; 1632
140; 3380; 3136; 1464
142; 2690; 3502;  666
143; 2566; 3494;  758
145;  978; 3878; 1132
146; 1310; 3620; 1394
148;  290; 3884; 1724
150;-1088; 4156; 2296
151;-1052; 4088; 2472
153;  144; 3950; 2124
154; 1044; 3526; 2082
156; 2448; 3258; 1958
157; 3192; 3344; 1760
159; 3396; 3016; 1588
161; 2710; 3222; 1242
162; 2292; 3412;  836
164; 2112; 3604;  696
165; 2022; 3544;  930
167;  814; 3894; 1326
170; -204; 3966; 2168
172; -194; 3874; 2436
175;  700; 3888; 1750
176; 1132; 3694; 1560
178; 2632; 3160; 1886
179; 3164; 3202; 1470
181; 3762; 3208; 1426
183; 3028; 3474;  902
184; 2650; 3534;  726
186; 1972; 3502;  874
189;  108; 4066; 1440
190;  -42; 3926; 2080
192;-1060; 4090; 2492
194;  188; 3946; 2230
197; 3026; 3182; 1912
198; 3138; 3330; 1774
200; 4342; 3268; 1130
202; 3038; 3600;  404
203; 2702; 3560;  270
205; 1956; 3692;  306
206; 1436; 3696;  626
208; -104; 3720; 1784
211; -702; 4046; 2676
213;  760; 3834; 2086
214; 1822; 3576; 2062
216; 3414; 3424; 1702
217; 4174; 3126; 1514
219; 4208; 3172;  956
220; 3372; 3456;  540
222; 2888; 3522;   14
224; 1206; 3764;  494
225; 1182; 3764;  648
227; -310; 3700; 2334
228;-1580; 4118; 2578
230; -146; 3994; 2258
231;  764; 3776; 1886
232; 1716; 3542; 1760
235; 3798; 3522; 1518
236; 4324; 3284; 1166
238; 3456; 3482;  808
239; 2954; 3642;  316
242; 1372; 3640;  898
244;  618; 3598; 1388
246; -194; 4040; 1980
247; -806; 4072; 2516
249;   24; 4050; 2510
250;  838; 3844; 2032
252; 2674; 3408; 1896
253; 3312; 3248; 1800
255; 3988; 3144; 1058
257; 3384; 3426;  370
258; 2864; 3516;  -66
260; 2410; 3402;  -20
261; 1624; 3496;  352
263; 1168; 3458; 1470
264;  930; 3714; 1506
266;  726; 3954; 2098
268; 1074; 4120; 2300
269; 1320; 4086; 2408
271; 1432; 4098; 2282
272; 1646; 4082; 1962
274; 1658; 3670; 1570
275; 1670; 3520; 1410
277; 2236; 3278;  650
279; 2780; 3124;  796
280; 2838; 3124; 1068
282; 3458; 3200;  910
283; 3404; 3384;  928
285; 2980; 3564;  438
286; 2870; 3672;  396
288; 2326; 3788;  558
290; 1406; 3822; 1232
291;  836; 3984; 1326
293; -210; 4012; 2296
294; -532; 4038; 2662
296;  392; 4022; 2048
297;  922; 3888; 1608
301; 3578; 3180; 1232
302; 3486; 3414; 1272
304; 4014; 3118;  982
305; 3224; 3428;  744
308; 2482; 3576;  128
310; 1600; 3520; 1086
312;  732; 3798; 1662
313;  408; 3892; 2052
315;   34; 4082; 2434
316;  564; 4086; 2334
318; 1526; 3912; 1920
319; 1876; 3844; 1690
321; 2788; 3636; 1138
323; 3198; 3308;  896
324; 3100; 3258;  772
326; 2768; 3480;  172
327; 2458; 3596;  240
328; 2192; 3664;  350
330; 1922; 3650;  768
332; 2058; 3790;  814
334; 2146; 3850;  918
335; 2226; 3836; 1070
337; 1884; 3684; 1600
338; 1680; 3790; 1772
340; 1196; 3828; 1926
341; 1020; 3718; 1986
343;  956; 3844; 1974
345; 1094; 3772; 1960
346; 1166; 3816; 1836
348; 1716; 3746; 1224
349; 2206; 3666; 1010
351; 2994; 3402;  624
353; 3286; 3574;  362
354; 3410; 3576;  198
356; 2794; 3628;  360
359; 2650; 3612;  490
360; 2110; 3770;  812
362; 1156; 3740; 1622
364;   42; 3694; 2636
365; -520; 3852; 2968
367;  100; 4120; 2356
368;  816; 4098; 1878
370; 2288; 3554; 1564
371; 2468; 3700; 1478
373; 2964; 3684;  898
375; 3614; 3242;  822
378; 3240; 3656;  188
379; 2916; 3668; -164
381; 2502; 3626; -102
382; 1480; 3844;  576
384;   78; 3816; 1862
386; -592; 4200; 2284
387;   38; 4010; 2010
389; 1492; 3660;  880
390; 2478; 3320;  840
392; 4162; 3380;  744
395; 4514; 3472;  256
397; 3060; 3666; -438
398; 2640; 3414;   82
400; 1358; 3598;  748
401;   12; 4196; 1302
403; -456; 4112; 2416
404;-1072; 4394; 2538
408; 3126; 3508; 1096
409; 3662; 3416;  962
411; 4918; 3410;  816
412; 5218; 3092;  536
414; 3132; 3440; -338
417; 1408; 3724;   14
419;  540; 3634; 1596
420; -520; 4112; 2106
422; -412; 4162; 2756
423;  376; 4118; 2448
424; 1492; 3910; 2030
426; 3718; 3338; 1624
428; 4728; 3356;  886
430; 4242; 3274;  312
431; 3340; 3334;  -90
433; 2742; 3472; -430
434; 2172; 3312;  108
436; 1400; 3682;  492
437;  220; 3778; 1466
439; -900; 4236; 3022
441; -510; 4216; 2570
442;  630; 4080; 1750
445; 3754; 3332; 1258
448; 4768; 3142;  964
450; 3392; 3170;  530
452; 2770; 3492;  148
453; 2146; 3490;  650
455; 1378; 3352; 1454
456;  318; 4100; 1610
458; -670; 4172; 2710
459; -600; 4310; 2576
461;  940; 3934; 1654
463; 2618; 3308;  858
466; 4678; 2970;  880
467; 4816; 2996;  806
469; 3494; 3532;  236
470; 2912; 3836;  -32
472; 2122; 3496;  526
475; -114; 4030; 1892
477; -800; 4206; 2584
478;  -90; 3890; 2348
480; 1446; 3670; 1276
481; 2326; 3420;  760
483; 4154; 3010;  830
485; 5480; 3128;  804
486; 4610; 3434;  700
488; 3226; 3728; -100
489; 2770; 3592;  -26
491;  960; 3562;  738
493; -426; 3962; 1584
494; -294; 3642; 2436
496; -538; 3994; 2502
497;  452; 3914; 2288
499; 2686; 3352; 2192
500; 3506; 3418; 1810
502; 4774; 3190; 1140
504; 3716; 3384;  578
505; 3112; 3492;   80
507; 2864; 3336;  -30
508; 1816; 3444;  384
510; 1428; 3274; 1304
511;  426; 3922; 1408
515;  144; 3998; 2472
516;  894; 4048; 1928
518; 2474; 3548; 1090
519; 3158; 3382;  982
520; 3582; 3188; 1072
522; 4316; 3056;  862
524; 3304; 3376;  720
526; 2798; 3402;  542
527; 2734; 3396;  688
529; 1782; 3594;  856
530; 1002; 3834; 1412
533;-1072; 3888; 3030
535;  -32; 4112; 2284
537; 2164; 3562; 1390
538; 2868; 3492; 1142
540; 4176; 3084;  996
541; 4268; 3524;  650
543; 3668; 3224;  556
544; 3140; 3464;   98
546; 2494; 3512;  134
548; 1554; 3610;  644
549;  568; 3640; 1450
551; -840; 3940; 2976
552;-1200; 4088; 3102
555; 1974; 3564; 2034
557; 3762; 2950; 1646
560; 4914; 2918;  650
562; 3098; 3330;  -64
563; 3024; 3394; -350
565; 1572; 3484;  580
566; 1434; 3634;  798
568;  -66; 3748; 1796
570;-1260; 4246; 3044
571; -894; 4236; 2902
573; 1336; 3814; 1730
574; 2474; 3522; 1872
576; 3644; 3380; 1458
577; 4478; 3114; 1158
579; 4376; 3008;  856
581; 2888; 3438;   66
584; 1684; 3494;  668
585;  540; 3876; 1074
587; -654; 4034; 2456
588;-1288; 4038; 2936
592; 2310; 3408; 1572
593; 3238; 3160; 1604
595; 5112; 3020; 1222
596; 5204; 3074; 1124
598; 3458; 3522;  268
599; 3006; 3536; -146
601; 1854; 3398;  324
603;  974; 3514; 1016
604; -428; 3822; 1676
606;-1538; 3980; 2996
607; -786; 3856; 2882
609; 1570; 3608; 2554
610; 2614; 3370; 2312
614; 4904; 3180; 1108
615; 3632; 3520;  538
616; 2858; 3570;   84
618; 2336; 3242;  254
620; 1296; 3440;  954
622; -444; 3438; 2404
623;-1328; 3948; 2886
625;  368; 4058; 2338
626; 1256; 3734; 2172
628; 3356; 3556; 1522
629; 3540; 3224; 1486
631; 4492; 3030; 1082
633; 3358; 3198;  776
634; 3032; 3128;  472
636; 2536; 3224;  384
637; 1436; 3498;  856
639;  518; 3656; 1748
640;  404; 3698; 2342
642; -954; 4152; 2852
644; -110; 3906; 3084
645; 1014; 3636; 2480
650; 4498; 2934; 1108
650; 4498; 2934; 1108
651; 4582; 2794;  848
655; 2534; 3286;   60
656; 1924; 3360;  546
659;  156; 3658; 2028
661; -882; 4038; 2926
662; -296; 3870; 2778
664; 1570; 3596; 2382
666; 3322; 3162; 1970
667; 3956; 3316; 1358
669; 4194; 3016;  742
670; 3432; 3192;  506
672; 2722; 3498;  -48
673; 2664; 3356;   66
675; 1702; 3200;  956
677; 1130; 3472; 1612
678;  170; 3878; 2070
680; -144; 4094; 2864
681;   36; 4236; 2838
683;  768; 4022; 2444
684; 1288; 3834; 1944
686; 2662; 3336; 1712
688; 3436; 2888; 1300
689; 4048; 3032;  970
691; 3870; 3032;  858
692; 3002; 3244;  546
694; 2814; 3310;  428
695; 1972; 3500;  812
699;  732; 4168; 1520
700;  -48; 3970; 2244
702; -932; 3960; 2994
703; -610; 3944; 2868
705;  822; 3960; 1964
706; 2094; 3574; 1618
708; 3452; 3286; 1242
710; 4334; 2882;  720
711; 4470; 2798;  858
712; 3526; 3162;  700
714; 2650; 3400;  348
717; 1316; 3830;  958
721;-1064; 4292; 2690
722; -200; 4154; 2550
724; 1620; 3750; 2016
725; 2566; 3410; 1796
727; 3522; 3276; 1302
728; 4320; 3014; 1078
730; 3514; 3272;  602
732; 2392; 3500;   26
733; 2368; 3296;   98
735;  954; 3552; 1298
736; 1348; 3694; 1152
738;  562; 3764; 1818
739;  210; 3852; 2548
741;  152; 3924; 3064
743; 1236; 3944; 2426
744; 1906; 3870; 2188
746; 2740; 3580; 1498
747; 2828; 3472; 1378
749; 2606; 3406;  956
750; 2654; 3202;  910
752; 2448; 3190;  576
754; 2586; 3382; 1132
755; 2546; 3462; 1184
757; 2310; 3634; 1286
758; 2618; 3544; 1346
760; 1902; 3732; 1554
761; 1678; 3934; 1488
763;  904; 4180; 1744
765;  110; 3784; 1932
766; -154; 3842; 1962
768;  514; 3758; 1876
769;  856; 3796; 1814
771; 1422; 3566; 1656
773; 2770; 3274; 1754
774; 2624; 3364; 1708
776; 3732; 3104; 1726
777; 3068; 3320; 1518
779; 2446; 3572;  682
780; 2330; 3534;  646
782; 1938; 3516;  916
784;  514; 4016; 1292
785;  416; 3650; 1684
787;-1142; 3720; 2454
788; -842; 3960; 2584
790;  678; 3810; 2216
791; 1458; 3768; 2110
793; 2808; 3364; 1950
795; 3206; 3278; 1486
796; 3230; 3168; 1268
798; 2450; 3446;  846
799; 2498; 3588;  758
801; 2024; 3520;  986
802; 1076; 3670; 1310
804; -128; 3674; 2016
806;-1740; 3856; 2578
807;-1420; 3928; 2500
808; -782; 3948; 2446
810; 1628; 3380; 2600
812; 2952; 3328; 2102
813; 3538; 2992; 1920
815; 2686; 3372; 1212
817; 2178; 3636;  664
818; 2094; 3448;  632
820;  728; 3510; 1306
821; -318; 3610; 1836
824;-1492; 4166; 2394
826;  144; 3928; 2412
828; 1778; 3400; 1820
829; 3030; 3234; 2244
831; 3728; 2934; 1868
832; 3334; 3012; 1682
834; 2400; 2828; 1542
835; 2210; 3066; 1442
837; 2050; 3290; 1762
839;  486; 3684; 1784
840; -106; 4018; 1484
842; -776; 4190; 1916
843;-1204; 4344; 1896
846; -578; 3978; 2268
848;  796; 3584; 2000
850; 1320; 3208; 2046
851; 1830; 2820; 2216
853; 2726; 2644; 2520
854; 2682; 2710; 2400
856; 2024; 3434; 1664
857; 1940; 3712; 1268
861;  262; 4024; 1522
862; -718; 4172; 1454
865;-2402; 4082; 1164
867; -626; 3728; 1952
868;  300; 3520; 2206
870; 1740; 3098; 2976
872; 2950; 2854; 2916
873; 2784; 2920; 2830
875; 1784; 3570; 1200
876; 1996; 3706;  808
878;  260; 3934;  770
879;   14; 3876;  858
881;-2086; 3984; 1086
883;-2394; 4158;  932
884;-1614; 4012; 1376
886;  136; 3480; 2940
887;  872; 3368; 3304
889; 2370; 3038; 3536
890; 2604; 2970; 3588
892; 1708; 3290; 2000
894; 1950; 3762;  902
895; 1378; 3814; 1108
897;  130; 3816;  662
898;-1180; 4024;  570
900;-1786; 4108;  512
901;-1108; 4028;  668
903; -148; 3712; 1098
904;  410; 3420; 2062
906; 1536; 3192; 3578
908; 2126; 3112; 3674
909; 2224; 3058; 3652
911; 1462; 3588; 1628
913;  856; 3656; 1310
914;  824; 3820;  958
916; -396; 3688;  714
917;-1568; 3800;  890
919;-1566; 3876;  864
920; -828; 3922;  910
922; -302; 3772; 1636
924; 1268; 3408; 3492
925; 1542; 3474; 3360
928; 2254; 3246; 2744
931; 1490; 3402; 1318
933;  554; 3764; 1300
935; -132; 3804;  952
936;-1368; 4246;  894
938;-1472; 4054; 1222
939;-1070; 3880; 1482
941; -408; 3800; 1362
942;  396; 3432; 2038
944; 1492; 3154; 3004
946; 2406; 3096; 3134
947; 2532; 3264; 2924
949; 1724; 3708; 1274
950; 1602; 3564; 1128
952;  432; 3702; 1398
953; -834; 3964;  910
955;-1884; 3954;  668
957;-1842; 3888; 1064
958;-1026; 3916; 1774
960;  276; 3570; 2602
961; 1144; 3436; 3006
963; 2342; 3008; 3132
964; 2384; 3058; 2880
966; 1788; 3526; 1326
968; 1374; 3354; 1108
969;  902; 3354; 1176
971; -584; 3740; 1038
972; -718; 3802; 1384
974;-1112; 3884; 1808
975; -814; 3868; 2234
977;  600; 3994; 2236
979; 1626; 3732; 2112
980; 2024; 3598; 2254
982; 1796; 3502; 1854
983; 1788; 3374; 1696
985; 1412; 3468; 1570
986; 1016; 3456; 1396
988; 1130; 3418; 1814
990; 1620; 3588; 2088
991; 1750; 3610; 2142
993; 1922; 3558; 2142
994; 1802; 3620; 2100
996; 1834; 3606; 1772
997; 1816; 3516; 1820
999;  546; 3584; 1712
1000;  374; 3606; 1416
1002;  102; 3874; 1354
1004;  188; 3874; 1550
1005;  432; 3886; 1650
1007;  616; 3940; 1732
1008;  586; 3916; 1726
1010;  428; 3844; 1684
1012;  386; 3912; 1318
1013;  400; 3814; 1128
1015;  734; 3310; 1960
1016; 1146; 3272; 2146
1018; 2192; 3128; 2754
1019; 2356; 3156; 2596
1021; 1944; 3504; 2150
1023; 1814; 3644; 1518
1024; 1822; 3488; 1434
1026;  850; 3660; 1724
1027;  420; 3756; 1542
1029;   76; 4020; 1558
1030; -314; 4078; 1534
1032; -640; 3958; 1732
1034; -126; 3692; 2010
1035;   14; 3616; 1966
1037;  672; 3482; 2008
1038; 1152; 3384; 2180
1040; 1934; 3172; 2268
1041; 1970; 3162; 2408
1043; 1752; 3322; 2018
1045; 1700; 3490; 1752
1046; 1608; 3638; 1660
1048; 1440; 3476; 1602
1049; 1222; 3584; 1798
1051;   50; 3844; 1934
1053; -226; 3938; 1796
1054;-1056; 4104; 1724
1057; -728; 3834; 2004
1059;  -12; 3690; 1992
1060;  448; 3548; 1780
1062; 1426; 3072; 2550
1064; 2052; 3160; 2170
1067; 1752; 3548; 1506
1068; 1516; 3570; 1354
1070; 1280; 3568; 1382
1071; 1086; 3576; 1746
1073; -156; 3832; 1822
1075; -972; 4044; 1796
1076;-1348; 4056; 1912
1079; -792; 3748; 2050
1081;  594; 3424; 1916
1082; 1232; 3278; 2118
1084; 1580; 3306; 2154
1086; 2264; 3084; 2652
1087; 1814; 3378; 2136
1089; 1590; 3624; 1464
1090; 1588; 3502; 1566
1092; 1538; 3512; 1614
1093;  276; 4290;  982
1095;-1616; 4290; 1156
1096;-1882; 4024; 1424
1098;-2144; 4134; 1014
1100; -344; 3776; 1648
1101;  370; 3548; 1950
1103; 1976; 3210; 3010
1104; 2422; 2920; 3248
1106; 2622; 2944; 2738
1108; 2002; 3450; 1220
1109; 1676; 3720;  742
1111; 1378; 3548; 1116
1112;  146; 3658; 1158
1115;-2162; 4102;  806
1117;-1320; 3758; 1856
1119; -368; 3706; 2644
1120;  722; 3496; 3034
1122; 1932; 3242; 3330
1123; 2194; 3006; 3208
1125; 1480; 3386; 1644
1126; 1588; 3480; 1182
1128; 1622; 3252; 1542
1130; -464; 3564; 1362
1131; -158; 3590; 1316
1134;-2690; 4172; 1298
1137; -940; 4006; 1862
1139;  734; 3540; 2370
1141; 1956; 3160; 3022
1142; 2106; 3034; 2996
1144; 2138; 3248; 2456
1145; 1928; 3276; 1624
1147; 1928; 3532; 1038
1148; 1064; 3884; 1210
1150;-1062; 4270;  668
1152;-2292; 4330;  488
1153;-1842; 4252;  538
1155; -572; 3918;  944
1156;  292; 3548; 1604
1158; 1826; 2882; 3786
1159; 2214; 2902; 3910
1160; 2950; 2610; 4194
1163; 1892; 3414; 1552
1164; 1412; 3308; 1540
1166; -552; 3928;  704
1167;-1402; 4026;  518
1169;-2666; 4266;  252
1170;-1932; 3944;  876
1174; 1532; 2994; 4248
1175; 2336; 2782; 4424
1177; 2126; 3208; 3172
1178; 1710; 3656; 1798
1180; 1572; 3448; 1158
1181;  744; 3628; 1010
1183; -626; 3970;  510
1185;-2272; 4126;  380
1186;-1456; 3950;  868
1188; -206; 3616; 2248
1189;  506; 3348; 3316
1191; 2134; 3096; 4094
1192; 2690; 3034; 3808
1194; 1750; 3256; 1818
1196; 1784; 3282; 1134
1197; 1000; 3318; 1230
1199; -512; 3480;  752
1200;-1472; 3896;  846
1202;-1706; 4326; 1016
1204; -616; 4240; 1690
1205; -102; 4162; 1826
1207;  848; 3794; 2328
1208;  724; 3698; 2018
1210;  760; 3622; 1808
1211;  850; 3442; 1636
1213;  546; 3254; 1520
1215;  778; 3330; 1736
1216;  892; 3378; 1804
1218;  888; 3532; 1772
1219; 1236; 3524; 1804
1221; 2028; 3616; 1494
1222; 2304; 3718; 1002
1224; 2234; 3656; 1466
1226; 1928; 3546; 1894
1227; 1816; 3630; 1666
1229; 1644; 3834; 1736
1232; 1420; 3654; 2012
1233; 1304; 3672; 1832
1235; 2178; 3706; 2074
1237; 1720; 3584; 1890
1238; 1378; 3672; 1894
1240; 1464; 3584; 2002
1241; 1486; 3604; 2204
1243; 1076; 3688; 2128
1244;  730; 3660; 1960
1246;  862; 3534; 2554
1248; 1178; 3524; 2046
1249; 1304; 3466; 2020
1251; 1424; 3234; 2196
1252; 2060; 3188; 2002
1254; 2484; 3076; 1346
1255; 3088; 3012;  970
1256; 2448; 2830; 1034
1259; 2070; 3336; 1582
1260; 1956; 3688; 1312
1262; 1688; 3328; 1774
1263; 1454; 3558; 2088
1265;  636; 3446; 2946
1266;  450; 3464; 3570
1268; 1196; 3440; 2790
1270; 1464; 3588; 2270
1273; 2678; 3234; 1916
1274; 3010; 3406; 1478
1276; 3392; 3148;  646
1277; 2904; 3218;  578
1279; 2648; 3244;  690
1281; 2036; 3372; 1586
1282; 1446; 3540; 1850
1284; 1304; 3920; 2136
1285;  548; 3994; 2562
1287; 1262; 3772; 2736
1290; 2052; 3628; 2186
1292; 2776; 3556; 1692
1293; 2994; 3478; 1330
1295; 3180; 3520;  726
1296; 2752; 3494;  982
1298; 2276; 3492; 1720
1300; 1800; 3508; 1718
1301; 1692; 3604; 1584
1303; 1986; 3672; 1112
1304; 2280; 3626; 1044
1306; 2420; 3396;  882
1307; 2366; 3188;  898
1309; 2438; 2800; 1286
1311; 2360; 2214; 1902
1312; 2518; 2006; 2034
1314; 2614; 1780; 1816
1315; 2656; 1730; 1534
1317; 2694; 1812; 1308
1318; 2758; 2034; 1268
1320; 2998; 3284; 1004
1322; 2862; 4504;  836
1323; 2442; 3958; 1168
1325; 2600; 3636; 1500
1326; 2096; 3974; 1560
1328; 1720; 4144; 1742
1329; 1144; 3794; 2188
1331;  690; 3386; 2542
1333; 1598; 3468; 1604
1334; 1930; 3660; 1744
1336; 2424; 3756; 1576
1337; 2526; 3656; 1586
1339; 2194; 3716; 1638
1340; 2332; 3656; 1628
1342; 2148; 3152; 1282
1344; 2532; 3540;  862
1345; 3110; 3256;  428
1348; 2480; 3718;  620
1350; 2370; 3810;  980
1351; 2248; 3720; 1298
1352; 2168; 3668; 1590
1355; 1542; 3502; 2098
1356; 1322; 3182; 2120
1358; 1424; 3658; 1974
1359; 1680; 3756; 1612
1361; 1432; 3898; 1496
1362; 1838; 3884; 1394
1364; 2550; 3686; 1158
1366; 3272; 3520;  496
1367; 3070; 3540;  250
1370; 2578; 3378;  902
1372; 2482; 3380; 1120
1373; 2250; 3448; 1178
1375; 2180; 3596; 1304
1377; 1344; 3642; 1928
1378; 1158; 3564; 2442
1380; 1682; 3620; 2152
1381; 1704; 3804; 1906
1383; 2084; 3586; 1178
1384; 1666; 3664; 1382
1386; 1666; 3672; 1906
1388; 2508; 3588; 1356
1389; 2644; 3592;  788
1391; 2910; 3616;  286
1392; 3016; 3512;  334
1394; 2510; 3504;  836
1397; 2362; 3408; 1054
1399; 1804; 3496; 1410
1400; 1848; 3406; 1858
1402; 1228; 3402; 2580
1403; 1672; 3712; 2474
1406; 1564; 3660; 2394
1408; 1440; 3858; 2036
1410; 2116; 3588; 1116
1411; 2024; 3606;  892
1413; 2662; 3552;  504
1414; 3346; 3158;  366
1416; 2804; 3476;  334
1417; 2540; 3418;  780
1419; 2446; 3400; 1074
1421; 2382; 3440; 1256
1422; 1750; 3580; 1536
1424; 1552; 3610; 2342
1425; 1294; 3356; 2730
1427; 1054; 3558; 2548
1428;  600; 3736; 2678
1430; 1570; 3756; 2304
1432; 1672; 3692; 1770
1433; 2442; 3362; 1390
1435; 2418; 3376;  804
1436; 2720; 3190;  946
1438; 3550; 3140;  104
1439; 3092; 3472;  156
1441; 2612; 3332; 1092
1443; 2606; 3300; 1228
1444; 2210; 3346; 1494
1446; 1822; 3162; 2046
1447; 1416; 3514; 2620
1450;  710; 3602; 2648
1452; 1374; 3734; 2276
1455; 2274; 3498; 1618
1457; 2710; 3444; 1074
1458; 2226; 3374;  838
1460; 3082; 3376;  210
1461; 3086; 3374;   80
1466; 2216; 3344; 1174
1468; 1406; 3492; 2062
1469; 1772; 3300; 2288
1471; 1122; 3452; 2652
1473; 1316; 3598; 2678
1474; 1578; 3610; 2324
1476; 1320; 3662; 2226
1479; 2182; 3540; 1518
1480; 2792; 3356; 1120
1482; 3090; 3142;  624
1484; 2826; 3408;  400
1485; 2450; 3400;  712
1487; 2356; 3372; 1266
1488; 2502; 3356; 1206
1491; 1924; 3312; 1914
1493; 1446; 3266; 2656
1495; 1102; 3374; 2590
1496;  884; 3636; 2642
1498; 1564; 3610; 2348
1499; 1208; 3636; 2484
1501; 2352; 3298; 1640
1502; 1982; 3438; 1530
1504; 2504; 3446;  936
1506; 2390; 3508;  812
1507; 2980; 3150;  562
1509; 2354; 3442; 1040
1510; 2394; 3418; 1358
1512; 2394; 3388; 1344
1513; 2438; 3386; 1310
1515; 1914; 3376; 1748
1517; 1432; 3380; 2548
1518; 1556; 3442; 2826
1520;  880; 3572; 2724
1523; 1288; 3610; 2280
1524; 1736; 3574; 2158
1526; 2174; 3270; 1382
1528; 2730; 3316; 1122
1529; 2246; 3296; 1180
1531; 3032; 3156;  654
1532; 2682; 3264;  596
1534; 2468; 3376; 1280
1535; 2518; 3332; 1398
1537; 2378; 3338; 1374
1539; 1804; 3428; 1708
1540; 2314; 3204; 1836
1542; 1412; 3188; 2502
1543; 1374; 3432; 2774
1544; 1292; 3268; 2792
1546; 1250; 3458; 2688
1548; 1172; 3536; 2430
1550; 2316; 3324; 1792
1551; 2106; 3362; 1516
1553; 2058; 3414; 1110
1554; 2622; 3046; 1300
1556; 3334; 3112;  664
1557; 2896; 3332;  472
1559; 2530; 3392; 1146
1561; 2442; 3344; 1454
1562; 2242; 3306; 1514
1564; 1652; 3460; 1834
1565; 1976; 3284; 1952
1567; 1248; 3314; 2402
1568; 1668; 3480; 2658
1570;  872; 3552; 2638
1572; 1244; 3592; 2552
1573; 1372; 3676; 2324
1575; 2138; 3370; 1604
1576; 1956; 3468; 1734
1578; 2224; 3194; 1394
1579; 2610; 3434;  848
1583; 2638; 3322; 1114
1584; 2552; 3366; 1364
1586; 2470; 3296; 1450
1587; 1914; 3418; 1518
1589; 1248; 3362; 2576
1590; 1314; 3176; 2498
1592;  798; 3414; 2902
1594;  850; 3522; 2632
1595; 1022; 3718; 2620
1597; 2168; 3464; 1946
1598; 2142; 3338; 1824
1600; 2876; 3290; 1268
1603; 3086; 3088;  348
1605; 2558; 3328;  896
1606; 2628; 3324; 1264
1608; 2424; 3308; 1434
1609; 2218; 3302; 1412
1611; 2084; 3234; 2000
1613; 1330; 3256; 2546
1614; 1078; 3334; 3080
1616;  906; 3552; 2954
1617; 1090; 3666; 2642
1619; 1640; 3694; 2254
1620; 2660; 3352; 1712
1622; 2190; 3230; 1542
1624; 2458; 3172;  894
1625; 2854; 3152;  766
1627; 2470; 3282; 1088
1628; 2420; 3300; 1306
1630; 2344; 3374; 1262
1631; 2308; 3376; 1392
1633; 1292; 3460; 1944
1635; 1104; 3468; 2970
1636;  834; 3350; 3112
1639;  994; 3684; 2576
1640; 1252; 3770; 2298
1642; 2324; 3282; 1584
1644; 3220; 3122; 1338
1646; 3270; 3038;  792
1647; 3034; 3124;  606
1649; 2328; 3220; 1358
1650; 2314; 3300; 1534
1652; 2298; 3330; 1338
1653; 2134; 3434; 1334
1655; 2096; 3360; 1702
1657; 1442; 3336; 2602
1658; 1242; 3360; 2732
1660;  912; 3596; 3014
1661; 1286; 3524; 2674
1663; 1446; 3668; 2372
1664; 2454; 3382; 1770
1666; 2138; 3348; 1610
1668; 2416; 3186; 1144
1669; 2890; 3256;  778
1671; 2478; 3316;  928
1672; 2340; 3342; 1184
1674; 2348; 3344; 1408
1675; 2414; 3342; 1388
1677; 1634; 3370; 1872
1679; 1196; 3270; 2602
1680; 1286; 3378; 2784
1682; 1236; 3502; 2724
1685; 1338; 3596; 2304
1688; 2434; 3384; 1304
1690; 2634; 3222; 1242
1691; 2650; 3232;  938
1693; 2332; 3308;  954
1694; 2284; 3276; 1228
1699; 2202; 3274; 1654
1701; 1992; 3334; 2026
1702; 1932; 3316; 2160
1704; 1036; 3218; 3074
1705; 1416; 3264; 3038
1707; 1306; 3474; 2546
1708; 1348; 3396; 2552
1710; 2060; 3402; 2106
1712; 2026; 3262; 1694
1713; 2102; 3258; 1542
1715; 2120; 3252; 1336
1716; 2898; 3016;  908
1718; 2596; 3298;  654
1719; 2374; 3296; 1056
1721; 2384; 3304; 1540
1723; 2240; 3330; 1756
1724; 2282; 3276; 1784
1726; 1550; 3356; 2036
1727; 1404; 3232; 2518
1729; 1120; 3396; 2772
1730; 1192; 3460; 2796
1732; 1488; 3362; 2234
1734; 1520; 3560; 2528
1735; 2224; 3376; 1928
1736; 2248; 3294; 1382
1738; 2176; 3290; 1534
1740; 2506; 3138; 1458
1741; 2392; 3136; 1442
1743; 1960; 3194; 1462
1745; 1878; 3374; 1494
1746; 2130; 3344; 1674
1748; 1952; 3376; 1944
1749; 2122; 3376; 2026
1751; 2242; 3328; 1866
1753; 2408; 3320; 1586
1756; 2122; 3344; 1564
1757; 2058; 3328; 1582
1759; 2062; 3374; 1462
1760; 1952; 3442; 1550
1762; 1602; 3442; 1838
1764; 1194; 3354; 2280
1765;  974; 3364; 2608
1767;  834; 3524; 2898
1768; 1396; 3436; 2284
1770; 1194; 3490; 2224
1771; 1482; 3452; 2354
1773; 2134; 3328; 1990
1775; 1806; 3328; 2008
1776; 2236; 3404; 1726
1778; 1704; 3330; 1678
1779; 1812; 3272; 1814
1781; 1934; 3346; 1696
1782; 1926; 3372; 1672
1784; 1918; 3400; 1550
1786; 2082; 3368; 1622
1787; 2180; 3382; 1588
1789; 2104; 3398; 1650
1790; 2124; 3450; 1692
1792; 2152; 3278; 1714
1793; 2054; 3382; 1658
1795; 1680; 3216; 1896
1797;  972; 3364; 2270
1798;  672; 3298; 2732
1800;  602; 3460; 2990
1801;  668; 3502; 2884
1803;  824; 3564; 2170
1804; 1198; 3514; 2224
1806; 2172; 3396; 1940
1808; 1966; 3212; 1942
1809; 1930; 3322; 1946
1811; 2040; 3238; 1622
1815; 2240; 3436; 1388
1817; 1992; 3392; 1516
1819; 1956; 3384; 1590
1820; 2062; 3338; 1680
1822; 1866; 3276; 1836
1823; 1694; 3342; 2010
1825; 1428; 3344; 2186
1826; 1220; 3368; 2340
1828;  758; 3408; 2826
1830;  508; 3396; 2976
1831; 1102; 3288; 2564
1832;  766; 3576; 2494
1834; 1558; 3458; 1938
1836; 1638; 3460; 1982
1837; 1952; 3384; 2072
1839; 2140; 3186; 1508
1841; 2994; 3238;  574
1842; 2976; 3348;  736
1844; 2470; 3376; 1344
1845; 2338; 3298; 1328
1847; 1888; 3294; 1736
1848; 1544; 3382; 1798
1850; 1090; 3222; 2306
1852;  530; 3490; 3060
1853;  -68; 3348; 3288
1855; 1064; 3388; 2638
1856; 1122; 3684; 2294
1858; 2124; 3428; 1806
1859; 2196; 3360; 1608
1861; 1592; 3354; 2062
1863; 2056; 3304; 1586
1864; 2166; 3290; 1356
1866; 2462; 3334; 1062
1867; 2234; 3402; 1150
1869; 2126; 3330; 1486
1872; 2030; 3386; 1638
1874; 1840; 3396; 1868
1875; 1464; 3336; 2094
1877; 1128; 3372; 2656
1878;  944; 3430; 2744
1880;  758; 3424; 2886
1881; 1490; 3312; 2316
1883; 1198; 3472; 2332
1885; 1540; 3318; 2072
1886; 1662; 3418; 2136
1888; 1804; 3452; 1934
1891; 2178; 3370; 1552
1893; 2660; 3302;  964
1894; 2744; 3346; 1060
1897; 2104; 3348; 1624
1899; 1958; 3320; 1712
1900; 1938; 3332; 1736
1902; 1696; 3392; 1998
1904; 1378; 3450; 2210
1905; 1182; 3436; 2282
1907;  878; 3408; 2614
1908;  708; 3348; 2888
1910; 1234; 3336; 2470
1911; 1038; 3504; 2352
1913; 1434; 3418; 2208
1915; 1502; 3392; 1914
1916; 1334; 3460; 2010
1918; 1758; 3424; 1906
1919; 1806; 3368; 1752
1921; 2236; 3314; 1418
1922; 2394; 3336; 1142
1924; 2662; 3410; 1096
1926; 2216; 3392; 1440
1927; 2112; 3338; 1576
1932; 1760; 3472; 1820
1933; 1658; 3332; 1868
1935; 1360; 3428; 2086
1937; 1120; 3392; 2328
1938; 1008; 3446; 2492
1940; 1008; 3420; 2644
1941; 1500; 3438; 2346
1943; 1152; 3440; 2242
1944; 1100; 3414; 2334
1946; 1138; 3378; 2444
1948; 1694; 3334; 1890
1949; 1538; 3438; 1742
1951; 1526; 3500; 2010
1952; 1618; 3502; 2074
1954; 1898; 3384; 1850
1955; 2040; 3308; 1714
1957; 2408; 3338; 1258
1959; 2314; 3446; 1140
1960; 2262; 3402; 1218
1962; 2208; 3406; 1430
1963; 2060; 3304; 1548
1965; 1860; 3286; 1744
1966; 1620; 3528; 1810
1968; 1474; 3394; 1922
1970; 1146; 3456; 2370
1971;  966; 3364; 2634
1973;  864; 3428; 2774
1974; 1398; 3446; 2382
1976; 1676; 3428; 2018
1977; 1254; 3366; 2310
1979;  918; 3386; 2584
1981; 1530; 3350; 1836
1982; 1692; 3480; 1798
1984; 2042; 3420; 1810
1985; 2014; 3394; 1596
1988; 2782; 3360;  996
1990; 2198; 3380; 1538
1992; 1984; 3312; 1544
1993; 2094; 3284; 1554
1995; 1784; 3304; 1748
1996; 1606; 3286; 1970
1998; 1146; 3414; 2490
1999;  828; 3462; 2864
2001;  484; 3448; 3012
2003; 1132; 3618; 2320
2004; 1530; 3506; 2268
2006; 1756; 3374; 1992
2007; 1360; 3376; 1910
2009; 1398; 3418; 1762
2010; 1442; 3430; 1920
2012; 2140; 3384; 1632
2014; 2188; 3378; 1392
2015; 2348; 3346; 1330
2017; 2228; 3410; 1302
2018; 2150; 3432; 1482
2020; 2068; 3360; 1558
2022; 2004; 3336; 1554
2023; 1894; 3442; 1796
2024; 1666; 3344; 1870
2026; 1412; 3452; 2074
2028; 1094; 3362; 2358
2029;  928; 3508; 2510
2031;  660; 3446; 2672
2033;  844; 3388; 2334
2034; 1014; 3496; 2542
2036; 1648; 3410; 2090
2037; 1628; 3434; 1908
2039; 1732; 3380; 2020
2040; 1400; 3482; 2062
2042; 1928; 3318; 1790
2044; 2324; 3278; 1342
2048; 2308; 3380; 1470
2050; 2088; 3306; 1566
2051; 1948; 3340; 1624
2053; 1550; 3404; 1848
2055; 1316; 3434; 1868
2056; 1290; 3418; 2138
2058; 1020; 3396; 2392
2059;  854; 3470; 2476
2061; 1128; 3448; 2324
2062; 1654; 3418; 2176
2064; 1402; 3488; 2188
2066;  868; 3314; 2320
2069; 1540; 3430; 1966
2070; 1754; 3476; 1574
2072; 1392; 3536; 2054
2073; 1718; 3388; 2234
2075; 1756; 3314; 1968
2077; 2088; 3270; 1594
2078; 2400; 3298; 1304
2080; 2516; 3382; 1060
2081; 2374; 3384; 1150
2083; 2120; 3344; 1406
2084; 2020; 3352; 1508
2086; 1800; 3352; 1848
2088; 1566; 3346; 2110
2089; 1532; 3446; 2010
2091; 1354; 3428; 2200
2092; 1320; 3378; 2222
2094;  940; 3478; 2476
2095;  856; 3404; 2660
2097; 1558; 3322; 2390
2099; 1344; 3436; 2054
2100; 1434; 3402; 2100
2102; 1352; 3460; 1946
2105; 1776; 3438; 1862
2106; 1794; 3400; 1788
2108; 1856; 3394; 1854
2110; 1976; 3342; 1778
2111; 2218; 3388; 1626
2113; 2362; 3296; 1392
2114; 2214; 3282; 1656
2116; 1816; 3448; 1848
2117; 1924; 3320; 1800
2119; 2112; 3360; 1572
2120; 2154; 3396; 1582
2122; 2258; 3400; 1632
2124; 2334; 3330; 1414
2127; 2262; 3270; 1550
2128; 2158; 3342; 1710
2130; 1786; 3262; 1788
2132; 1552; 3364; 2072
2133; 1450; 3362; 2382
2135; 1394; 3444; 2516
2136; 1370; 3472; 2434
2138; 1746; 3428; 2022
2139; 1910; 3374; 1802
2141; 1910; 3294; 2010
2143; 1928; 3284; 2002
2144; 1826; 3328; 1930
2146; 1948; 3324; 1926
2147; 1996; 3314; 1784
2149; 2022; 3320; 1850
2150; 2026; 3300; 1826
2152; 2214; 3294; 1848
2154; 2282; 3218; 1962
2155; 2272; 3232; 1692
2157; 2242; 3360; 1620
2158; 2406; 3318; 1414
2160; 2660; 3242; 1158
2165; 1764; 3300; 2004
2166; 1776; 3190; 2010
2168; 1526; 3350; 1984
2169; 1474; 3330; 1924
2171; 1416; 3366; 2074
2173; 1378; 3278; 2212
2174; 1352; 3332; 2196
2176; 1396; 3290; 2122
2177; 1332; 3240; 2008
2179;  994; 3252; 2354
2180;  926; 3220; 2434
2182;  786; 3236; 2516
2184;  700; 3298; 2400
2185;  520; 3310; 2512
2187;  516; 3186; 2618
2188;  526; 3286; 2578
2190;  596; 3276; 2514
2191;  692; 3280; 2390
2193;  686; 3172; 2512
2195; 1176; 3220; 2342
2196;  978; 3280; 2204
2198; 1148; 3254; 2264
2199; 1428; 3186; 2232
2201; 1778; 3178; 1912
2202; 1842; 3200; 1834
2204; 1416; 3324; 2038
2206; 1322; 3226; 2250
2207; 1188; 3274; 2196
2209;  756; 3296; 2302
2212;  696; 3274; 2548
2213;  664; 3322; 2436
2215;  840; 3280; 2304
2216;  952; 3284; 2226
2218; 1032; 3250; 2250
2221;  960; 3342; 2294
2223;  466; 3270; 2264
2224;  464; 3302; 2306
2226;  -54; 3274; 2518
2228;  156; 3346; 2572
2229;  346; 3370; 2546
2231; 1040; 3266; 2472
2232;  860; 3214; 2452
2234;  648; 3222; 2480
2235;  628; 3174; 2558
2237;  424; 3288; 2402
2239; 1114; 3258; 2076
2240;  840; 3322; 2062
2242; 1532; 3232; 2012
2243; 1642; 3230; 1920
2245; 1424; 3254; 2106
2246;  958; 3378; 2080
2248; 1178; 3290; 2168
2250; 1312; 3256; 2214
2251; 1392; 3254; 2232
2253; 1054; 3306; 2236
2254;  900; 3198; 2386
2256;  840; 3112; 2336
2257;    6; 3322; 2354
2259;  516; 3366; 2424
2261;  -20; 3426; 2430
2262; -222; 3386; 2530
2264;  372; 3172; 2472
2265;  136; 3286; 2520
2267;   70; 3290; 2604
2268;  140; 3236; 2662
2270;  546; 3350; 2526
2272;  684; 3286; 2460
2273;  662; 3328; 2274
2275; 1412; 3226; 2112
2276; 1562; 3142; 1950
2279; 1012; 3364; 1994
2280; 1180; 3276; 2164
2283; 1094; 3208; 2264
2284; 1302; 3182; 2266
2286;  628; 3208; 2258
2287; 1066; 3168; 2352
2289;   80; 3216; 2444
2290; -448; 3340; 2352
2292;-1358; 3484; 2778
2294; -812; 3544; 2642
2295; -304; 3444; 2674
2297;  622; 3180; 2632
2298;  106; 3348; 2674
2300;  576; 3266; 2374
2302; 1530; 3130; 2052
2303; 1766; 3162; 1998
2305; 1416; 3274; 1868
2306; 1314; 3334; 1942
2308; 1142; 3236; 2038
2309; 1060; 3202; 2102
2311;  846; 3152; 2126
2312;  888; 3114; 2348
2314;   16; 3210; 2532
2316; -840; 3284; 2780
2317; -938; 3348; 2698
2319; -404; 3346; 2830
2320; -784; 3494; 2688
2322; -140; 3438; 2514
2324;  106; 3284; 2384
2325;  522; 3194; 2446
2327;  946; 3236; 2088
2328; 1244; 3104; 1996
2330; 1728; 3238; 1814
2331; 1470; 3284; 1976
2333; 1008; 3396; 2110
2335;  896; 3284; 2224
2338;  964; 3146; 2208
2339;  352; 3234; 2390
2341; -238; 3244; 2772
2342;  124; 3310; 2754
2344;  172; 3344; 2616
2346;   20; 3466; 2480
2347;  274; 3350; 2392
2349;  220; 3362; 2162
2350;  742; 3432; 2270
2352;  946; 3446; 2030
2353; 1282; 3484; 1990
2355; 1220; 3426; 2092
2357;  640; 2868; 2258
2360;  696; 2828; 2098
2361;  850; 3492; 2248
2363; 1150; 4336; 2396
2364; 1196; 4180; 2306
2366;  906; 3926; 2188
2368; 1610; 3572; 2312
2369; 1392; 3432; 2158
2371;  834; 3460; 1334
2372;  470; 3732; 1036
2374;  882; 3922; 1320
2375; 1388; 3736;  984
2376; 1594; 3484; 1182
2379; 2508; 3332; 1446
2380; 2824; 3476; 1588
2382; 2504; 3640; 1638
2383; 2180; 3718; 1656
2385; 1768; 3620; 1536
2386; 1772; 3616; 1494
2388; 2296; 3596; 1526
2390; 2166; 3686; 1376
2391; 2006; 3738; 1248
2393; 1550; 3994;  944
2396; 1322; 3902;  748
2397; 1750; 3828;  632
2399; 1772; 3728;  872
2401; 2142; 3746;  880
2402; 1972; 3768; 1104
2405; 1708; 3894; 1288
2407; 1608; 3842; 1356
2408; 1718; 3818; 1506
2410; 1922; 3766; 1334
2412; 1752; 3786; 1390
2413; 1866; 3804; 1328
2415; 1878; 3790; 1192
2416; 1800; 3810; 1178
2418; 1864; 3776; 1078
2419; 1684; 3732; 1108
2421; 1860; 3828; 1164
2423; 1898; 3860; 1192
2424; 1790; 3858; 1132
2426; 1652; 3868; 1212
2427; 1724; 3790; 1222
2429; 1842; 3716; 1288
2430; 1828; 3656; 1194
2432; 1822; 3830; 1196
