0; 1532; 3294; 4002
1; 2260; 3264; 4408
2; 2126; 3320; 4822
3; 1440; 3556; 3616
4; 1504; 3440; 2626
5; 1680; 3906; 1664
6; 1926; 4136; 1340
7; 1124; 4480;  522
8;  808; 4456;   28
9;  296; 4266; -358
10; -110; 4296; -634
11; -496; 4238;-1040
12; -184; 3848; -634
14; 1048; 3342;  144
17; 1870; 3130; 3876
19; 2308; 3360; 4622
20; 1636; 3572; 3132
22; 2044; 3966; 1666
23; 1482; 4332; 1274
25;  192; 4272;   68
26; -346; 4230; -322
30;  398; 3816; -712
31;  592; 3386;  674
34; 2172; 3148; 4288
36; 2378; 3312; 5180
37; 1794; 3434; 4622
39; 1102; 3642; 2458
41;  -76; 3944; 1418
42; -276; 3982;  620
44; -484; 4232; -176
45; -616; 4362; -590
47;  286; 3876; -454
48;  274; 3590; -650
52; 2224; 3034; 3722
53; 2576; 2912; 4802
55; 1758; 3464; 3700
56; 1460; 3788; 2626
58; 1678; 3910; 1886
59;  678; 3920; 1360
61;  -98; 4042;  166
63; -402; 4272; -858
64;  -68; 4026; -992
66;  910; 3248;  450
67; 1066; 3118;  930
69; 1402; 2980; 1816
70; 1736; 3220; 2022
72; 2660; 3698; 2058
74; 1956; 4110; 1476
75; 1992; 4210; 1106
76; 1834; 4266; 1200
78;  980; 3906; 2502
80;  670; 4174; 2554
81; 1028; 4046; 2632
83; 1892; 3758; 2834
85; 1474; 3834; 1726
86; 1506; 3688; 1544
88; 1472; 3400; 1676
91; 1000; 3088; 2980
93;  274; 3122; 1676
94;  436; 3156; 2092
96; 1020; 2704; 3132
97; 1546; 2680; 2990
99; 1608; 2758; 1834
100; 2194; 2544; 1994
102; 3332; 2236; 2330
104; 2608; 2950; 2034
105; 2478; 3108; 1816
107; 1954; 2966; 2652
108; 1960; 2886; 2808
110; 1656; 3086; 2640
111; 1436; 3152; 2222
113; 1100; 2858; 2996
115; 1208; 2756; 2942
116; 1252; 2890; 2446
118; 1706; 2786; 2440
119; 1858; 2994; 2324
121; 2012; 2778; 2516
122; 2908; 2388; 2288
124; 3546; 2308; 1514
126; 3346; 2796; 1530
127; 3146; 2772; 1748
129; 2868; 2760; 1942
130; 2650; 2818; 1942
133; 1864; 2802; 2332
137; 1006; 3168; 2888
138; 1122; 3356; 2548
140; 1826; 3362; 2244
141; 2380; 3244; 2126
143; 2784; 3064; 1952
146; 3532; 2762; 1234
148; 2992; 2886; 1664
149; 2610; 2826; 1808
151; 2284; 2954; 1756
152; 2080; 3106; 1476
154; 1842; 3126; 1700
155; 1392; 3270; 2216
157; 1366; 3094; 3016
159;  992; 3546; 2658
160; 1588; 3396; 2460
162; 1814; 3320; 2572
163; 2268; 3310; 2302
165; 2684; 3096; 1522
166; 3292; 2770; 1266
168; 3310; 2778; 1182
170; 2838; 3000; 1444
171; 2578; 3060; 1356
172; 2622; 2994; 1410
174; 1922; 3172; 1554
176; 2092; 2948; 2340
177; 1002; 3540; 2422
179;  854; 3258; 3032
182; 1286; 3482; 2702
184; 2180; 3312; 2244
185; 2792; 3130; 1668
187; 3668; 2894;  950
188; 3962; 2734;  522
190; 3248; 2956;  918
192; 2872; 2912; 1252
193; 2748; 3014; 1000
195; 1808; 2918; 1858
196; 1058; 3338; 2484
198;  486; 3124; 3574
200;  856; 3544; 3260
201; 1160; 3730; 3048
204; 3004; 3240; 2052
206; 3630; 2936; 1240
207; 3166; 2856; 1058
209; 3518; 2802;  292
211; 2722; 2936; 1100
212; 2616; 2982; 1298
214; 2146; 3112; 1168
215; 1792; 3182; 1288
217; 1468; 3160; 2480
218; 1138; 3226; 2860
220; 1268; 3416; 3110
222; 1718; 3552; 2656
223; 1802; 3626; 2696
225; 3300; 2966; 1646
226; 3014; 3156; 1282
228; 3506; 2810;  696
229; 3560; 2810;  588
231; 2820; 3002; 1050
233; 2654; 2906; 1098
234; 2472; 3146;  910
236; 1654; 3502; 1590
237; 2388; 2910; 1892
239; 1906; 3144; 2466
240; 1226; 3346; 2848
242;  530; 3540; 3554
244; 1306; 3648; 3070
245; 1712; 3532; 2744
247; 2812; 3234; 1818
250; 3256; 2912;  914
251; 3406; 2776;  688
253; 2896; 2948;  816
255; 2478; 3032; 1264
256; 2572; 3154; 1176
258; 2120; 3212; 1240
259; 2080; 3162; 1664
262; 1302; 3494; 2786
264; 1250; 3280; 3418
266; 1224; 3586; 3030
267; 1796; 3628; 2778
268; 2696; 3236; 1862
270; 3528; 2806; 1566
272; 3348; 2762;  858
273; 3348; 2886;  386
275; 2836; 3108;  542
277; 2386; 3130;  948
278; 2630; 3062; 1194
280; 2262; 3224; 1712
281; 1870; 3320; 2154
283; 1344; 3576; 2392
284; 1336; 3312; 2782
286; 1062; 3502; 3038
288; 1676; 3436; 2452
289; 1826; 3338; 2232
291; 2296; 3166; 2092
292; 2364; 3252; 1790
294; 2782; 3120; 1396
295; 2980; 2950;  946
297; 2918; 3052;  378
299; 2548; 3014; 1310
300; 2548; 3042; 2058
302; 1386; 3456; 2358
303; 1490; 3542; 2104
305; 2150; 3504; 2150
306; 2436; 3660; 1886
308; 2582; 3366; 1684
310; 2392; 3098; 1228
311; 2308; 2894; 1464
313; 2000; 2884; 2104
314; 1956; 3010; 2164
316; 2050; 3232; 1810
318; 1542; 3180; 1818
321; 1096; 3276; 2116
322;  854; 3368; 2304
324;  550; 3476; 2718
325;  722; 3566; 2710
327; 1002; 3184; 2390
329;  658; 3098; 3032
330;  818; 3244; 3046
332; 1834; 3024; 2394
335; 2342; 3198; 2134
336; 2948; 3018; 1686
338; 3044; 3014; 1262
340; 2002; 3178; 1544
341; 2306; 3162; 1584
343; 1914; 3368; 1556
344; 1890; 3186; 1662
346; 1006; 3456; 1916
347;  836; 3316; 2316
349;  -20; 3294; 2826
351;  660; 3244; 2902
352; 1008; 3238; 2718
354;  962; 3272; 2622
355; 1152; 3314; 2630
357; 1402; 3106; 2648
358; 1304; 3190; 2598
360; 1986; 3060; 2126
362; 2848; 3046; 1500
363; 2934; 3148; 1200
366; 2196; 3216; 1730
369; 1820; 3218; 1744
371; 1164; 3024; 2048
373;  -74; 3306; 2822
374; -164; 3488; 2996
376; -338; 3370; 3224
379; 1050; 3386; 2728
380; 1674; 3376; 2396
382; 1524; 3186; 2512
384; 1706; 3078; 2358
385; 2174; 2970; 2008
387; 2374; 3048; 1446
388; 2638; 3038; 1230
390; 2084; 3368; 1514
391; 2278; 3272; 1614
393; 1920; 3158; 1810
395; 1382; 3112; 2246
396;  940; 3206; 2360
398;  538; 3180; 2836
399;  814; 3320; 2798
401;  772; 3444; 2644
402; 1354; 3354; 2558
404;  254; 3216; 3152
406;  130; 3620; 2692
407;  268; 3498; 2424
409; 1090; 3296; 2154
410; 2140; 3148; 1980
412; 3986; 2684; 1160
413; 4042; 2762;  908
415; 2602; 3008; 1478
417; 2480; 2918; 1718
418; 2138; 3150; 1748
420; 1404; 3120; 1960
421;  868; 3266; 2080
423;   46; 3482; 2880
424; -296; 3406; 3074
428; 1204; 3488; 2696
429; 1526; 3362; 2622
431; 1918; 3290; 2210
432; 1732; 3206; 2104
434; 2022; 3120; 1906
437; 2618; 3052; 1090
439; 2094; 3364; 1728
440; 2302; 3332; 1720
442; 2012; 3408; 1792
443; 1956; 3334; 1820
445; 1416; 3190; 1982
447; 1054; 3300; 2052
448; 1238; 3286; 2126
450;  440; 3340; 2800
451;  290; 3444; 3082
453;  592; 3208; 2850
454;  908; 3224; 2922
456; 1844; 3264; 2412
458; 2108; 3286; 2174
459; 2530; 3154; 1894
460; 3088; 3010; 1428
462; 3212; 3104; 1036
464; 2414; 3204; 1342
465; 2160; 3262; 1370
467; 1624; 3188; 1596
469;  696; 3188; 2258
470;  400; 3318; 2660
472;  534; 3350; 3040
473;  922; 3318; 2988
475; 1844; 3202; 2648
476; 1854; 3362; 2472
478; 1066; 3426; 2722
480; -136; 3744; 2878
481;   84; 3776; 2264
483;  930; 3526; 1558
484; 2182; 3368; 1310
486; 3768; 3066;  580
487; 4084; 2762;  686
489; 1938; 2980; 1610
491; 2194; 2936; 1802
492; 2204; 2986; 1672
495; 1634; 3212; 2074
497; 1204; 3344; 2404
498;  948; 3328; 2408
500;  506; 3332; 2944
502;  998; 3286; 3092
503; 1920; 3066; 2672
505; 2176; 2864; 2654
506; 2394; 2786; 2872
508; 2204; 2710; 3180
509; 2022; 2928; 3046
511; 1034; 3754; 2542
513;  812; 3784; 1892
514;  652; 3778; 1294
517; 1338; 3992;  492
519;  956; 3882;   -6
522; 1406; 3280; 1224
524; 2422; 3534; 1088
525; 3214; 3436;  802
527; 2746; 3280; 1548
528; 2994; 3222; 1896
530; 3578; 3216; 1724
531; 3360; 3364; 1908
533; 3092; 3492; 1990
535; 3128; 3424; 1602
536; 2672; 3544; 1178
539; 1484; 4276;  400
541; 1242; 4024; 1098
542;  672; 4254; 1078
544;  422; 4034; 1592
546;  550; 3780; 1082
547;  988; 3222;  544
549; 1656; 2994; 1234
550; 2752; 2862; 1468
554; 5028; 2918;  986
555; 3990; 3302;  760
556; 3404; 3644;  288
558; 2272; 3722;  102
560; 1768; 3754;  594
561; 1630; 3786;  916
563;  700; 4014; 1584
565;  314; 4190; 2182
566;  840; 4010; 2200
568; 1432; 3784; 1558
569; 2040; 3684; 1220
571; 3140; 3208;  914
572; 3546; 3162;  754
576; 2898; 3708;   40
577; 2726; 3744;  576
580; 2410; 3600; 1816
582; 1428; 3636;  238
583; 1412; 3510;  978
585; 1530; 3600; 2054
587; 1872; 3502; 1428
588; 2126; 3730; 1272
590; 2964; 3352; 1700
591; 2758; 3418; 1188
593; 2302; 3880;  180
594; 1726; 4156; 1002
596;  916; 3878; 1462
598; -102; 4442; 1470
599;  -28; 3922; 1712
601;  602; 3760; 1358
602; 1626; 3434;  862
604; 3274; 2884; 1382
605; 4036; 2696; 2046
607; 5118; 2644; 2150
609; 3088; 3156; 1064
610; 3408; 3108;  780
612; 1904; 3408; 1096
613;  930; 4086;  930
615; -118; 3824; 2338
616;-1398; 4234; 2480
618; -302; 3926; 2002
620; 1046; 3610; 1692
621; 1946; 3564; 1104
623; 3274; 2884; 1662
624; 3836; 2744; 2108
626; 4430; 2556; 2376
627; 3126; 2978; 1766
629; 2686; 3200; 1130
631; 1774; 2864; 2040
632; 1720; 4148; 1210
634;  172; 3910; 2086
635; -748; 4386; 2016
637;-1886; 4292; 2100
638; -930; 3948; 1962
640;  452; 3918;  802
642; 2594; 2784; 1816
643; 3358; 2806; 2020
645; 4590; 2732; 2168
646; 4338; 2520; 2338
648; 2606; 3556;  916
650; 2354; 3638;  844
652;  888; 4002; 1206
654;-1164; 3966; 2094
656; -830; 3850; 2120
657; -276; 3848; 1968
660; 3110; 2842; 2186
662; 5002; 2702; 2560
664; 3314; 3348; 1640
665; 2844; 3566;  718
667; 2200; 3284;  936
668; 2038; 3142; 1330
670;   34; 3560; 1762
672;-1940; 4158; 2324
673;-1756; 4182; 2092
675;  120; 3762; 1844
678; 3648; 3122; 2080
679; 4582; 3106; 1976
681; 4444; 2798; 1950
683; 2894; 3642;  208
684; 2420; 3384;  502
686;  674; 3470; 1372
687; -110; 3974;  998
689;-1254; 4036; 2050
690;-1612; 4114; 2386
692; -340; 3754; 2722
694; 1792; 3274; 1926
695; 3056; 2846; 2412
697; 5086; 3044; 2386
698; 5226; 2758; 2330
700; 2960; 3522;  566
701; 3114; 3456;  314
703; 1954; 3144;  988
705;  922; 3542; 1444
706; -722; 4116; 1726
708;-1990; 4046; 2430
709;-1638; 4184; 2222
711;  -84; 3878; 1832
712; 1042; 3692; 1298
714; 3084; 3038; 2038
716; 5282; 2806; 2426
717; 4990; 2738; 2322
719; 3102; 3344;  678
720; 2706; 3330;  806
722; 1538; 3146; 1428
723;  468; 3856;  778
725; -784; 3506; 2000
727;-2190; 4202; 2312
728;-1178; 4090; 2410
730;  880; 3754; 1662
731; 2246; 3224; 1888
733; 3882; 2810; 2224
734; 5142; 2778; 2416
736; 3912; 2926; 2306
738; 2970; 3002; 1182
739; 2290; 3144; 1322
741; -324; 3862; 1460
742;  -18; 3354; 1894
744;-1880; 4432; 1916
747; -324; 3716; 1914
748;  430; 3738; 1490
750; 2704; 2926; 1948
752; 3876; 3080; 2478
753; 5042; 2776; 2258
755; 2966; 3374; 1248
756; 2856; 3504;  948
758; 2692; 3276; 1022
760;  812; 3844;  842
761; -250; 3946; 1852
763;-1796; 3970; 2406
764;-1894; 3974; 2356
766; -170; 3676; 2076
767;  782; 3586; 1596
769; 2804; 3104; 2030
771; 4846; 2706; 2584
772; 4760; 2884; 2532
774; 3024; 3420; 1112
775; 2582; 3546; 1036
777; 1264; 3438; 1272
778;  396; 3452; 1362
780; -884; 3770; 1840
782;-1796; 3824; 2236
783;-1064; 3534; 2502
786; 1368; 3258; 2588
788; 3294; 3226; 2372
790; 4414; 2782; 2572
791; 3652; 2806; 2316
793; 2454; 3378;  894
794; 2354; 3220; 1068
796; 1654; 3218; 1436
797;  798; 3522; 1472
799;  588; 3320; 1848
801; -892; 3496; 2550
802;-1762; 3676; 2852
804; -536; 3746; 2766
805;  112; 3772; 2430
808; 3278; 3012; 2316
810; 4002; 2942; 1960
812; 2916; 3062; 1362
813; 2728; 3262;  974
815; 2286; 3174; 1168
816; 1758; 3156; 1512
818;  576; 3530; 1854
819; -160; 3658; 2200
821;-1834; 3770; 2598
823;-1004; 3860; 2458
824; -296; 3816; 2264
826; 1844; 3116; 2124
827; 2140; 3220; 1942
829; 3856; 2676; 2296
830; 4070; 2784; 2296
832; 2892; 2984; 2082
834; 2380; 3456; 1358
835; 2268; 3322; 1422
837; 1048; 3382; 1610
838;  430; 3814; 1548
840; -486; 3704; 2044
841;-1632; 3980; 2390
843; -914; 3492; 2622
844; -504; 3642; 2338
846; 1622; 3314; 2112
848; 3028; 2992; 2330
849; 3600; 3034; 2336
851; 3660; 2712; 2352
852; 2662; 3258; 1640
854; 2226; 3414; 1166
857;  374; 3372; 1952
859; -546; 3938; 2218
860; -676; 3490; 2690
862;-1336; 3760; 2774
863; -774; 3786; 2766
865;  902; 3642; 2044
867; 2596; 3094; 2002
868; 3366; 2948; 2064
870; 4094; 2880; 2020
871; 3272; 2910; 2016
873; 2310; 3274; 1290
874; 1930; 3224; 1360
876; 1178; 3224; 2034
878;  728; 3732; 2030
879; -450; 4290; 2032
881; -928; 3712; 2280
882; -330; 3514; 2554
884;  380; 3488; 2150
885; 1220; 3246; 1942
887; 2774; 2994; 2198
889; 4378; 2742; 2342
890; 4072; 2774; 2358
893; 2926; 3520;  842
895; 1196; 3498; 1120
896;  458; 3480; 1682
898;-1126; 4086; 1844
900;-1936; 3862; 2206
901; -754; 3784; 2196
903;  722; 3660; 1602
904; 1752; 3212; 1636
906; 3154; 3090; 2532
908; 4438; 2910; 3082
909; 3484; 2958; 2996
911; 2840; 3446; 1372
912; 2230; 3450; 1366
914; -280; 3870; 1132
915;-1396; 3718; 1608
917;-2572; 3938; 1180
919; -456; 3404; 1422
920;  592; 3328; 1648
922; 2372; 3042; 2764
923; 2908; 3082; 3194
925; 3742; 3116; 3590
926; 2618; 3492; 2586
928; 2126; 3656; 1240
930;  320; 3598; 1696
931;  250; 3552; 1318
933;-1878; 3648; 1502
934;-2662; 3954; 1288
936; -700; 3468; 1736
937;  256; 3500; 1418
939; 2420; 2886; 2782
940; 3168; 3102; 3186
942; 4108; 3028; 3470
944; 2216; 3272; 2064
945; 2326; 3462; 1494
947;  892; 3414; 1886
948;  -96; 3690; 1022
950; -766; 3744; 1320
952;-2374; 4038; 1512
953;-1674; 3898; 1476
955;  134; 3596; 1488
956; 1392; 3716; 1400
958; 2200; 3008; 2630
959; 2690; 2988; 2938
961; 3190; 2776; 3288
963; 1830; 3230; 2518
964; 1760; 3520; 1854
966; 1930; 3794; 1300
967; 1712; 3414; 1552
969; -206; 3768; 1644
970;-1738; 4048; 1826
972;-1342; 3752; 1772
974;   26; 3314; 1916
975; 1118; 3262; 2318
977; 4252; 2854; 3582
978; 4534; 3016; 3496
980; 2640; 3412; 1352
981; 2710; 3568;  862
983; 1658; 3340; 1294
985;-1714; 3620; 1200
986;-2376; 3690; 1158
988;-1698; 3560; 1408
989; -684; 3416; 1890
991; 1938; 3032; 3116
992; 3198; 3014; 3822
994; 4436; 3030; 3692
996; 2304; 3472; 1516
997; 2364; 3510; 1100
999;  264; 3362; 1526
1000;  690; 3008; 1288
1002;-1734; 4044; 1312
1003;-2722; 3954; 1694
1004;-2418; 4038; 1610
1007;  690; 3656; 1590
1008; 1288; 3328; 1934
1010; 2516; 2930; 2970
1011; 2746; 3242; 2742
1013; 2918; 2562; 3310
1014; 1818; 2868; 2558
1016; 1332; 3372; 2168
1019; -280; 3618; 2084
1021; -606; 3938; 1582
1024;-1014; 3830; 1264
1026; -622; 3352; 1766
1027; -104; 3406; 1644
1029; 1868; 2738; 2262
1030; 2248; 2694; 2774
1032; 3352; 2826; 3610
1033; 3436; 2776; 3616
1035; 2254; 3708; 1544
1036; 2110; 3298; 1542
1038; -198; 3510; 2050
1041;-2028; 3902; 1622
1043;-1904; 4042; 1390
1044;-1066; 3850; 1952
1046;  586; 3328; 2224
1048; 1916; 3166; 2818
1049; 2468; 2810; 3186
1051; 3430; 2536; 3556
1052; 2338; 3058; 2634
1054; 1974; 3538; 1470
1055; 2096; 3462; 1330
1057;  182; 3498; 1684
1059;-1066; 3706; 1502
1060;-1886; 4204; 1742
1062;-1580; 4132; 1466
1063; -488; 3824; 1736
1065; 1020; 3610; 1290
1066; 2090; 2948; 2048
1068; 2958; 2692; 3358
1070; 3258; 2892; 3730
1071; 2038; 3276; 2814
1073; 2196; 3388; 1802
1074; 1596; 3106; 2268
1076;  -70; 3248; 1508
1077; -886; 3960; 1182
1079;-1464; 4084;  962
1081;  550; 3558; 1236
1082; 1404; 3374; 1248
1084; 1488; 3356; 1624
1085; 1464; 3212; 1914
1087; 1262; 3324; 2896
1088; 1418; 3458; 2706
1090; 1566; 3328; 2374
1092; 2006; 3226; 3042
1093; 1602; 3452; 3078
1095; 1232; 3606; 2538
1096; 1014; 3424; 2538
1099;  420; 3824; 1960
1100; -706; 4226; 1200
1103;  130; 3882;  666
1104;  662; 3618;  932
1106;  866; 3262; 1038
1107; 1720; 2758; 2052
1109; 2124; 2598; 3094
1110; 3076; 2570; 3514
1112; 1884; 3304; 2724
1114; 1984; 3744; 1460
1115; 1744; 3512; 1318
1117;  238; 3798; 1112
1118;   38; 3654;  792
1120;   -6; 3488; 1800
1123; 1722; 3510; 2172
1125; 2272; 3684; 1762
1126; 1996; 3688; 1384
1128; 1544; 3588; 2168
1129; 1492; 3432; 2282
1131; 1682; 3516; 1940
1132; 1670; 3536; 2132
1136; 1432; 3536; 2224
1137; 1460; 3558; 2156
1139; 1536; 3246; 2516
1140; 1646; 3270; 2416
1142; 1696; 3494; 2076
1144; 1490; 3154; 2212
1145; 1448; 3120; 2488
1147; 1292; 3202; 2434
1148; 1314; 3274; 2140
1150; 1450; 3396; 1540
1151; 1690; 3226; 1160
1153; 2596; 2826; 1612
1155; 3272; 2626; 1410
1156; 2782; 2930; 1480
1158; 2424; 3442; 1376
1159; 2452; 3330; 1820
1161; 2258; 3482; 1718
1162; 2624; 3170; 1450
1164; 2054; 2986; 1974
1166;  860; 3376; 3172
1167;  884; 3424; 3478
1169; 1056; 3312; 2572
1170; 1192; 3224; 2588
1172; 2094; 3070; 2392
1173; 2240; 3184; 1874
1175; 3050; 2946; 1380
1177; 3556; 2670;  936
1178; 3298; 2798;  880
1181; 2562; 3160; 1428
1183; 2142; 3216; 1258
1184; 1738; 3294; 1694
1186; 1212; 3632; 1870
1188;  854; 3480; 2426
1189; 1268; 3230; 3032
1191;  420; 3406; 3752
1194; 1508; 3384; 2800
1195; 2562; 3112; 2260
1196; 2508; 3218; 1724
1199; 3378; 2854;  988
1200; 3614; 2608;  440
1202; 2826; 2898; 1022
1203; 2578; 2894; 1518
1205; 2422; 3168; 1290
1206; 1960; 3286; 1318
1208; 1388; 3392; 1886
1210; 1012; 3446; 2494
1211; 1432; 3112; 2844
1213;  890; 3328; 3318
1214; 1456; 3168; 3236
1216; 1452; 3392; 2826
1217; 1734; 3322; 2778
1219; 2684; 3078; 1756
1221; 3052; 2910; 1308
1222; 3062; 2894; 1108
1224; 2712; 2984; 1076
1225; 2490; 3084; 1378
1227; 2394; 3092; 1462
1230; 1672; 3192; 1788
1232; 1778; 3172; 1868
1233; 1528; 3200; 2284
1235; 1524; 3356; 2706
1236; 1320; 3214; 3372
1238; 1514; 3306; 3118
1239; 1564; 3416; 2696
1241; 1694; 3334; 2720
1243; 2426; 3082; 1800
1244; 2674; 3166; 1434
1246; 3244; 2646;  992
1247; 3190; 2790;  662
1249; 2836; 3130;  822
1252; 2526; 3102; 1558
1254; 2218; 3110; 1440
1255; 1986; 3184; 1772
1257; 1944; 3052; 2240
1258; 1734; 3160; 2264
1260; 1354; 3276; 3198
1262; 1394; 3308; 2940
1263; 1482; 3274; 2940
1265; 1804; 3306; 2724
1266; 2164; 3254; 2268
1268; 2962; 2946; 1446
1269; 2240; 3122; 1336
1271; 2976; 2826;  660
1273; 2638; 3088; 1020
1274; 2532; 3170; 1394
1276; 2448; 3086; 1632
1277; 2482; 3112; 1366
1279; 1848; 3262; 1768
1280; 1472; 3302; 2302
1282; 1702; 3300; 2410
1284; 1450; 3266; 3340
1285; 1196; 3402; 3238
1287; 1330; 3388; 2634
1288; 1698; 3316; 2498
1290; 2634; 3142; 1632
1291; 3044; 2930; 1300
1292; 2686; 3062; 1330
1295; 2808; 3058;  946
1296; 2650; 2902; 1406
1298; 2444; 3150; 1444
1299; 2360; 3264; 1216
1301; 1440; 3320; 2110
1302; 1550; 3168; 2396
1304;  714; 3316; 2974
1306; 1710; 3246; 2938
1307; 1578; 3394; 2448
1310; 2634; 3220; 2030
1312; 3078; 3032; 1322
1313; 2948; 3094; 1182
1315; 2830; 3090; 1060
1317; 2434; 3136; 1272
1318; 2466; 3148; 1192
1320; 1758; 3134; 1552
1321; 1674; 3072; 1894
1323;  938; 3220; 2978
1324;  910; 3236; 3300
1326; 1400; 3364; 2820
1328; 2044; 3482; 2434
1329; 2704; 3254; 2134
1332; 2856; 3226; 1186
1334; 3244; 2974;  846
1335; 2756; 3148; 1028
1337; 2368; 3078; 1454
1339; 2412; 3014; 1152
1340; 1766; 3312; 1258
1342; 1702; 2846; 2288
1343;  874; 3386; 2840
1345;  848; 3482; 3596
1346; 1448; 3464; 3030
1348; 1504; 3568; 2524
1350; 2804; 3274; 1508
1351; 2870; 3060; 1544
1353; 3318; 2914;  874
1354; 3330; 2970;  538
1356; 2744; 3124;  940
1357; 2718; 3072; 1082
1359; 2372; 3078; 1204
1361; 1944; 3312; 1334
1362; 1664; 3426; 1838
1364; 1292; 3456; 2200
1365; 1542; 3076; 2596
1369; 1554; 3372; 2836
1370; 1580; 3488; 2728
1372; 2476; 3150; 2062
1373; 2610; 3126; 1624
1375; 3024; 2912; 1458
1376; 2742; 3312;  914
1378; 2762; 3064;  590
1380; 2632; 3046;  916
1381; 2438; 3082; 1254
1383; 2364; 3222; 1404
1384; 2356; 3218; 1476
1386; 2516; 3168; 1484
1387; 2302; 3342; 1532
1388; 1938; 3412; 1840
1391; 1464; 3558; 2234
1392; 1630; 3238; 2784
1394;  558; 3472; 3408
1395; 1406; 3308; 3094
1397; 1422; 3562; 2746
1398; 2178; 3466; 2254
1400; 3060; 3216; 1384
1402; 3392; 2678;  874
1403; 3180; 2954;  414
1405; 3042; 3024;  530
1406; 2780; 3070; 1010
1408; 2532; 3104; 1270
1409; 2446; 3128; 1164
1411; 1708; 3370; 1550
1413; 1398; 3658; 2040
1414; 2176; 3114; 2452
1417; 1018; 3598; 3500
1419; 1394; 3592; 2440
1420; 1464; 3528; 2546
1422; 2534; 3306; 1604
1424; 3072; 3124;  998
1427; 3384; 2820;  274
1428; 2836; 3060;  518
1430; 2548; 3294; 1176
1431; 2644; 3212; 1112
1433; 2178; 3308; 1212
1436; 1630; 3508; 1746
1438; 1418; 3562; 2304
1439; 1922; 3346; 2370
1441; 1098; 3224; 3352
1442; 1124; 3392; 3412
1444; 1392; 3516; 2526
1446; 2260; 3440; 2278
1447; 2386; 3412; 1658
1449; 2182; 3248; 1602
1450; 2822; 2790; 1568
1453; 3046; 2926;  750
1455; 2826; 3006;  738
1458; 2588; 3258; 1248
1460; 2098; 3490; 1518
1461; 2042; 3510; 1788
1463; 1496; 3498; 2402
1464; 1404; 3456; 2640
1466; 2226; 3340; 1826
1468; 2504; 3084; 1506
1469; 2494; 3214; 1702
1471; 2210; 3348; 1878
1472; 2122; 3304; 1880
1474; 2142; 3262; 1734
1475; 2230; 3226; 1568
1477; 2676; 3102; 1146
1479; 2180; 3418; 1234
1480; 1898; 3236; 1734
1482;  712; 3446; 2768
1484;  562; 3524; 3146
1487; 1642; 3484; 2318
1488; 1694; 3552; 2492
1490; 2368; 3238; 2020
1491; 2186; 3288; 1916
1493; 2362; 3184; 1484
1494; 3206; 2846; 1086
1496; 2940; 3200;  752
1498; 2592; 3184; 1166
1499; 2520; 3190; 1148
1501; 2306; 3404;  904
1504; 1708; 2920; 2216
1505;  964; 3484; 2634
1507;  540; 3698; 3096
1509; 1610; 3694; 2438
1512; 1998; 3570; 2304
1513; 2860; 3274; 1596
1515; 2194; 3268; 1396
1516; 2990; 2834; 1198
1518; 3528; 2762;  350
1520; 2746; 3330;  734
1521; 2800; 3256; 1032
1523; 2710; 3176; 1100
1524; 1726; 3420; 1280
1526; 1322; 3206; 2384
1527; 1172; 3002; 2834
1529;  326; 3356; 3752
1531; 1252; 3756; 2846
1532; 1394; 3786; 2790
1534; 2850; 3278; 1950
1535; 2446; 3400; 1896
1537; 2836; 2942; 1302
1538; 2744; 3056;  738
1540; 2972; 3042;  252
1543; 2416; 3146; 1214
1545; 2292; 3262; 1122
1546; 1590; 3392; 1632
1548; 1196; 3444; 2650
1549; 1140; 3626; 2864
1551;  676; 3708; 3254
1553; 1390; 3700; 3032
1554; 1110; 3766; 3046
1556; 2534; 3224; 2080
1557; 2272; 3344; 1516
1559; 2982; 3174; 1146
1560; 2662; 2798; 1000
1562; 3442; 2666;   28
1565; 2506; 3060; 1168
1567; 2496; 3284; 1160
1570;  930; 3546; 2590
1571;  930; 3098; 3596
1573;  534; 3894; 3802
1575; 1204; 3852; 2354
1576; 2026; 3606; 2164
1578; 2862; 3202; 1504
1579; 3064; 3032; 1264
1580; 2838; 2802; 1062
1582; 3138; 2800;  496
1584; 2824; 3012;  624
1586; 2568; 2974; 1036
1587; 2186; 2904; 1618
1589; 1294; 3394; 2182
1590;  992; 3500; 2586
1592;  258; 3680; 2952
1593; -460; 3594; 3176
1595; -280; 3460; 3116
1597;  462; 3216; 2972
1598;  412; 3266; 2970
1600;  986; 2942; 2520
1601; 1078; 2886; 2152
1603; 1748; 2758; 2000
1605; 2548; 2614; 1986
1606; 1692; 2994; 2062
1608; 1782; 3304; 1948
1609; 1654; 3118; 2098
1611;  960; 3248; 2164
1612;  786; 3370; 2198
1614; -204; 3212; 2590
1616;-1992; 3376; 2952
1617;-1244; 3374; 2914
1619; -472; 3466; 2740
1620; 1292; 3102; 2660
1622; 1624; 3060; 2604
1623; 1712; 2842; 2430
1625; 1828; 2740; 2136
1627; 1114; 3008; 1984
1628; 1220; 3198; 1894
1630; 1044; 3280; 1778
1631;  780; 3218; 1736
1633;  770; 3114; 2168
1634;  508; 3312; 2374
1636; -882; 3342; 2616
1638;-1230; 3666; 2908
1639;-1352; 3690; 2972
1642; 1558; 3280; 2782
1644; 1102; 3314; 2328
1645; 1556; 3080; 2152
1647; 1390; 3112; 1834
1649; 1440; 2948; 1706
1650; 1002; 3142; 1714
1652; 1298; 3296; 1932
1653; 1342; 3290; 2054
1655; 1252; 3392; 1982
1656; 1472; 3428; 2066
1658;  226; 3316; 2438
1660;-1718; 3384; 2786
1661;-2010; 3344; 2882
1663;-1170; 3688; 2854
1664;   20; 3662; 2622
1666;  990; 3428; 2462
1667; 1568; 3192; 2390
1669; 1474; 2986; 1996
1671;  658; 3040; 1820
1672;  904; 3006; 1806
1674; 1002; 3298; 1886
1675; 1260; 3386; 2020
1676; 1014; 3436; 1992
1678;  490; 3324; 2244
1680;  262; 3346; 2408
1682;-1416; 3340; 2654
1683;-1688; 3334; 2826
1685;-1392; 3430; 2832
1686; -958; 3472; 2836
1688;  432; 3462; 2502
1689; 1088; 3226; 2598
1691; 1778; 2964; 2266
1693; 1732; 2692; 2284
1694;  806; 2964; 2052
1696;  954; 3092; 1894
1697;  944; 3216; 1880
1699;  798; 3274; 2034
1700;  578; 3324; 2090
1702; -948; 3362; 2514
1704;-2070; 3516; 2714
1705;-2334; 3638; 2794
1707;-1220; 3540; 2782
1708; -232; 3444; 2778
1710; 1320; 3088; 2916
1712; 1324; 3166; 2278
1713; 1816; 2884; 2176
1715; 1396; 3042; 1906
1718;  900; 3106; 1836
1719;  896; 3202; 1866
1721; 1086; 3272; 2072
1723;  476; 3152; 2438
1724;  554; 3240; 2406
1726;-1688; 3474; 2868
1727;-1864; 3396; 2956
1729;-1774; 3590; 2830
1730; -554; 3488; 2784
1732;  826; 3356; 2656
1734;  824; 3162; 2390
1735; 1352; 2970; 2250
1737; 1540; 2770; 1888
1738; 1180; 2766; 1996
1740; 1110; 3200; 1750
1741;  986; 3302; 1806
1743; 1028; 3298; 2106
1745; 1332; 3064; 2264
1746; -334; 3300; 2462
1748;-1848; 3440; 2684
1749;-2338; 3476; 2844
1751;-1724; 3736; 2772
1752; -844; 3566; 2702
1754;  384; 3468; 2810
1756; 1698; 2970; 2412
1757; 1470; 2922; 2198
1759; 1318; 2722; 1922
1760;  784; 3032; 1702
1762;  978; 3028; 1806
1763;  936; 3104; 1780
1765;  762; 3248; 2028
1767; -212; 3612; 2306
1768; -654; 3576; 2546
1770;-2432; 3598; 2848
1771;-1634; 3576; 2908
1772;-1638; 3740; 2844
1774;  678; 3438; 2658
1776;  938; 3054; 2464
1778; 1136; 2964; 2190
1781;  796; 3118; 1764
1782; 1040; 3236; 1764
1784; 1094; 3310; 1818
1787; 1212; 3138; 2204
1789; -208; 3398; 2508
1790;-1686; 3540; 2638
1792;-2180; 3622; 2704
1793;-1368; 3572; 2742
1795;  406; 3434; 2694
1798;  816; 3108; 2560
1800; 1040; 2990; 2084
1801; 1228; 2924; 2020
1803; 1320; 2942; 1840
1804;  788; 3202; 1700
1806; 1078; 3188; 1926
1807; 1120; 3226; 1984
1809;  668; 3312; 2128
1811;  868; 3344; 2418
1812;  318; 3522; 2384
1814; -708; 3462; 2536
1815; -960; 3464; 2670
1817;-1620; 3652; 2668
1819; -688; 3480; 2674
1820; -144; 3426; 2608
1822;  264; 3174; 2568
1823;  -94; 3236; 2476
1825;  828; 3118; 2252
1826;  644; 3166; 2046
1828;  788; 3198; 1858
1830; 1868; 2952; 1858
1831; 1278; 3096; 1956
1834; 1124; 3330; 2034
1836;  894; 3092; 2182
1837;  862; 3262; 2334
1839;  584; 3262; 2520
1841; -626; 3420; 2456
1842;-1502; 3652; 2472
1844;-1060; 3560; 2608
1845; -612; 3564; 2678
1848;  310; 3376; 2524
1850;  714; 3236; 2194
1852; 1382; 2898; 2090
1853; 1514; 2894; 1942
1855;  930; 3244; 1828
1856; 1204; 3338; 1728
1858; 1144; 3364; 1920
1859; 1228; 3448; 1930
1861; 1314; 3302; 2200
1863;  642; 3256; 2352
1864; -898; 3414; 2538
1866;-1844; 3490; 2662
1867;-1824; 3650; 2714
1868;-1138; 3574; 2692
1870;    0; 3536; 2640
1872; 1074; 3274; 2566
1874; 2042; 2804; 2208
1875; 1480; 2924; 1822
1877; 1606; 2828; 1852
1878; 1020; 3368; 1698
1880; 1142; 3312; 1820
1881; 1216; 3362; 1986
1883; 1076; 3404; 2056
1885;   44; 3418; 2338
1886;  -70; 3192; 2454
1888;-1620; 3538; 2692
1889;-1976; 3782; 2744
1892; -354; 3492; 2708
1894;  918; 3152; 2704
1896;  910; 3144; 2458
1897; 1174; 2970; 2210
1899;  920; 3016; 1778
1900; 2292; 2756; 1684
1903; 1280; 3334; 1762
1905; 1174; 3374; 1920
1907; 1198; 3252; 2048
1908;  664; 3406; 2088
1910;  364; 3000; 2608
1911;  128; 3120; 2798
1913; -584; 3376; 2470
1914;-1182; 4206; 1920
1916;  424; 3654; 3040
1918;   92; 3374; 2438
1919;  416; 3206; 2748
1921;  918; 3536; 2524
1922; 1106; 2774; 1614
1924; 1398; 2986; 2442
1925; 1450; 3122; 1928
1929; 2620; 2802; 2446
1930; 2050; 2994; 2170
1932; 1888; 2962; 1990
1933; 1670; 3212; 2260
1935; 1584; 3074; 2614
1937;  512; 3480; 1692
1938;  984; 3340; 2044
1941; 1148; 3222; 2916
1943;  796; 3448; 2772
1944;  930; 3236; 2834
1946; -154; 3128; 3296
1948;   94; 3112; 3030
1951; 1902; 3088; 2372
1952; 1416; 3330; 2268
1954; 2414; 2974; 1796
1955; 2842; 2958; 1428
1957; 2546; 3086; 1486
1959; 2008; 3208; 1566
1960; 1924; 3230; 1678
1962; 1542; 3190; 1726
1963; 1116; 3270; 1992
1964; 1120; 3304; 2000
1966; 1178; 3242; 2106
1968;  706; 3318; 2772
1970;  904; 3338; 2882
1971;  794; 3364; 2972
1973; 1034; 3114; 2934
1974;  676; 3138; 2936
1976;  564; 3206; 3152
1977; 1010; 3278; 2482
1979; 1208; 3240; 2118
1981; 2042; 3074; 1896
1982; 2316; 3124; 1410
1984; 2774; 3044; 1204
1987; 2016; 3154; 1778
1988; 1890; 3224; 1684
1990; 1744; 3168; 1716
1992; 1668; 3160; 1946
1993; 1144; 3208; 2296
1995;  438; 3288; 3310
1996; -360; 3376; 3524
1998;  684; 3300; 3328
1999;  770; 3528; 2742
2001; 1720; 3270; 2516
2003; 1350; 3240; 2438
2004; 1624; 3108; 2390
2006; 1670; 3026; 2018
2009; 2510; 2878; 1192
2010; 2574; 3044; 1096
2012; 1986; 3286; 1572
2014; 2102; 3258; 1858
2015; 2154; 3200; 1910
2017; 1502; 3268; 1974
2020;  860; 3302; 2356
2021;  624; 3286; 2790
2023;  -18; 3432; 3260
2025; 1064; 3296; 2728
2026;  588; 3318; 2604
2028; 1372; 3276; 2448
2031; 1732; 3012; 2186
2032; 1774; 3206; 2120
2034; 1298; 3350; 2282
2036; 1480; 3340; 2032
2037; 1528; 3350; 1930
2039; 1808; 3272; 1792
2040; 2272; 3096; 1560
2042; 2462; 3126; 1636
2043; 2136; 3216; 1956
2045; 2272; 3124; 1974
2047; 2164; 3166; 1774
2048; 2210; 3156; 1690
2050; 1764; 3056; 1680
2051; 1320; 3194; 1990
2054; -192; 3378; 3712
2056; 1172; 3280; 3008
2058; 1034; 3434; 2742
2059; 1580; 3328; 2662
2060; 2092; 3124; 2230
2062; 1542; 3082; 2478
2064; 1444; 3134; 2322
2067; 2148; 2984; 1604
2069; 2966; 3066; 1036
2070; 2712; 3272; 1146
2072; 2414; 3198; 1638
2073; 2320; 3140; 1658
2075; 1868; 3046; 2010
2077; 1428; 3108; 2282
2078;  794; 3250; 2598
2080; -178; 3242; 3596
2081; -294; 3318; 3594
2083;  512; 3430; 2746
2084; 1086; 3328; 2718
2086; 1756; 3246; 2428
2089; 1872; 3224; 2020
2091; 2356; 3022; 1362
2092; 3002; 2930; 1080
2094; 2368; 3160; 1142
2095; 2360; 3162; 1288
2097; 2146; 3070; 1698
2099; 1694; 3342; 1946
2100; 1118; 3290; 2288
2102;  176; 3324; 3028
2103; -470; 3316; 3880
2105;  808; 3234; 3116
2106;  642; 3512; 2846
2108; 1760; 3362; 2484
2110; 1776; 3224; 2382
2111; 2122; 3082; 2126
2113; 2554; 2916; 1272
2114; 2684; 2856; 1042
2116; 2088; 3158; 1344
2117; 2276; 3162; 1482
2119; 1872; 3134; 1538
2121; 1348; 3266; 1852
2122; 1478; 3232; 2068
2125;  -90; 3318; 3454
2127;  568; 3304; 3468
2128;  904; 3356; 2982
2130; 1552; 3230; 2740
2132; 1588; 3236; 2314
2133; 1142; 3212; 2570
2136; 1792; 3062; 1702
2138; 2572; 2948; 1020
2139; 2938; 2992;  866
2141; 2116; 3286; 1304
2143; 2126; 3152; 1672
2144; 1942; 3158; 1820
2146; 1612; 3288; 2162
2147; 1042; 3382; 2246
2149;  426; 3368; 2846
2152;  798; 3230; 3030
2154; 1202; 3348; 2708
2155; 1736; 3300; 2494
2156; 1826; 3252; 2224
2158; 1440; 3258; 2430
2160; 1694; 3114; 1868
2161; 2198; 3096; 1556
2163; 2702; 3124;  988
2165; 2174; 3312; 1210
2166; 2346; 3360; 1392
2168; 2020; 3192; 1654
2169; 1884; 3110; 1926
2171; 1230; 3166; 2192
2174;  158; 3340; 3236
2176;  612; 3344; 3102
2177; 1040; 3218; 2804
2179; 1146; 3432; 2676
2180; 1600; 3284; 2366
2183; 1602; 3102; 2476
2185; 1766; 3080; 1982
2187; 2094; 3084; 1344
2188; 2752; 3108; 1010
2190; 2400; 3278; 1344
2193; 2050; 3134; 1840
2195; 1746; 3282; 1892
2196; 1318; 3188; 2038
2198;  762; 3248; 2472
2199;  482; 3186; 2952
2201; -160; 3264; 3522
2202;  910; 3232; 3176
2204;  906; 3464; 2754
2206; 1920; 3348; 2260
2207; 1894; 3206; 2112
2209; 1806; 3076; 2100
2210; 2028; 3074; 1842
2212; 2698; 2974; 1184
2213; 2618; 3056; 1034
2215; 2104; 3184; 1606
2217; 2064; 3214; 1632
2218; 1808; 3234; 1824
2220; 1618; 3074; 2226
2221; 1696; 3070; 2260
2223;  862; 3290; 2692
2224;  430; 3342; 3190
2226;  514; 3172; 3304
2228; 1054; 3270; 2698
2229; 1288; 3246; 2642
2231; 1732; 3192; 2218
2232; 1658; 3246; 2210
2234; 1512; 3106; 2258
2235; 1530; 3212; 2124
2237; 2254; 3188; 1426
2239; 2642; 3144;  982
2242; 2722; 3172; 1426
2243; 2476; 3128; 1468
2245; 2390; 3064; 1874
2246; 1528; 3156; 1768
2248; 1776; 2964; 2210
2252;  214; 3146; 3872
2254; -526; 3180; 3164
2256; -710; 3506; 2492
2257; -156; 3440; 2242
2261;  426; 3246; 2746
2262; -244; 3462; 1908
2264; 1620; 2910; 2046
2265; 2616; 2838; 1860
2267; 3306; 2516; 1902
2268; 2198; 2684; 1770
2270; 2004; 2858; 2430
2272;  126; 2910; 2210
2273; 1104; 3008; 2616
2275; -760; 2828; 2900
2276;-1498; 3676; 2970
2278; -538; 3488; 2956
2279; -344; 3664; 2836
2281;  422; 3452; 2702
2283; 1878; 3282; 2136
2284; 2108; 2820; 2104
2286; 3166; 2708; 1418
2287; 2222; 2810; 1524
2289; 1814; 3112; 2080
2290; 1968; 3032; 1998
2292;  214; 3124; 2286
2294; -468; 3362; 3084
2295; -924; 3244; 3458
2297;   -4; 3616; 2892
2300;  844; 3400; 2832
2301; 1620; 3226; 2340
2303; 2246; 3016; 2054
2305; 2290; 2894; 1586
2306; 2754; 2852; 1382
2309; 1888; 3128; 1888
2311; 1952; 3168; 1872
2313;  520; 3284; 1914
2314;  450; 3306; 2488
2316; -950; 3338; 3292
2317;-1138; 3664; 3274
2319;  -60; 3680; 3060
2322; 2110; 3168; 2516
2324; 2134; 2828; 2196
2325; 2342; 3138; 1720
2327; 1912; 2938; 1544
2328; 1194; 3192; 1906
2330;  674; 3310; 2200
2331;  752; 3410; 2036
2333; 1382; 3334; 1998
2335; 1506; 3410; 2264
2336; 1460; 3426; 2460
2338; 1578; 3324; 2410
2339; 1402; 3238; 2350
2341; 1250; 3236; 2318
2342; 1236; 3268; 2242
2344; 1354; 3256; 2136
2346; 1432; 3382; 1902
2347; 1380; 3384; 2020
2348; 1322; 3434; 2012
2350; 1534; 3378; 1946
2352; 1796; 3364; 1986
2353; 1838; 3458; 1860
2355; 1736; 3282; 1956
2357; 1668; 2988; 1898
