0; 1924; 3088; 1578
1; 2116; 3172; 1710
2; 2164; 3234; 1788
3; 2060; 3250; 1806
4; 2204; 3186; 1850
5; 2168; 3176; 1926
6; 2232; 3154; 1606
7; 2176; 3340; 1630
8; 1966; 3158; 2108
9; 1970; 3106; 2472
11; 1794; 3372; 2118
12; 1684; 3092; 2102
14; 1584; 3208; 2150
15; 1584; 3502; 2026
17; 1972; 3270; 1594
18; 1912; 3118; 1472
20; 1762; 3288; 1862
22; 1488; 3254; 1956
23; 1754; 3458; 2138
25; 1620; 3452; 1962
26; 2252; 3200; 2242
28; 2278; 3366; 2022
29; 2048; 3348; 1520
31; 2336; 3298; 1476
33; 2256; 3464; 1614
34; 2214; 3368; 1682
36; 2916; 3362; 1080
37; 3538; 3436;  582
39; 3270; 3738;  630
40; 3110; 3576;  -38
42; 1736; 3192; 1886
44;  430; 3588; 3156
45; -638; 3798; 2868
47; 1350; 3410; 1564
48; 2258; 3410;  832
50; 3682; 3334; -132
51; 4642; 3408; -192
53; 3814; 3430;    8
55; 2012; 3140; 2010
56; 1274; 3702; 2598
58;-1056; 3524; 3364
59; -928; 3560; 3258
61; 1242; 3808; 1628
62; 2590; 3632; 1198
64; 3912; 3496;  608
67; 4238; 3446;   32
69; 2986; 3458;  760
70; 2208; 3416; 1454
72; -462; 3406; 3472
73;-1144; 3264; 3624
75;  768; 3366; 2126
77; 2420; 3448; 1024
80; 4986; 3308;  -72
81; 4682; 3488; -140
82; 3714; 3542;  252
84; 2784; 3294; 1038
86;  112; 3108; 2844
88; -942; 3366; 3612
89;  -94; 3654; 2780
91; 1794; 3684; 1356
92; 2550; 3578;  956
94; 4268; 3376;  208
96; 4414; 3334;  -86
97; 3904; 3248;  306
99; 2742; 3310; 1224
100; 1640; 3146; 1552
102;  798; 3452; 2880
103;   48; 3244; 3032
105;  956; 3482; 2086
107; 2352; 3558; 1384
108; 3442; 3382; 1166
110; 4548; 3472;  666
111; 3924; 3620;  272
113; 3158; 3192; 1320
114; 2938; 3096; 1906
116;  560; 3330; 2846
118;-1142; 3618; 3002
119;  -62; 3558; 2532
121; 2292; 3378; 1762
122; 2878; 3274; 1194
125; 5052; 3192;  382
127; 3478; 3188;  618
129; 2260; 2944; 2064
130; 1094; 3094; 2298
132;-1114; 3480; 3524
133;-1578; 3638; 3532
135;  734; 3970; 1986
136; 1828; 3820; 1556
138; 3236; 3608;  940
140; 5032; 3268;  322
141; 4388; 3484;  234
143; 2974; 3234;  664
144; 2858; 3096; 1152
146; 1250; 3376; 1706
147;  282; 3168; 2626
149;-1122; 3484; 3344
151;  778; 3834; 2056
152; 1828; 3734; 1826
154; 3814; 3584; 1380
155; 4362; 3470;  784
157; 4212; 3488;  414
158; 3332; 3406;  732
160; 2644; 2928; 1334
162; 1132; 3140; 1798
163;  216; 3024; 2644
165;-1116; 3252; 3560
166; -370; 3604; 2864
168; 1306; 3886; 2062
169; 2668; 3684; 1904
171; 4086; 3348;  632
173; 4810; 3502;  342
174; 3932; 3262;  386
176; 3062; 3016; 1122
177; 1966; 3002; 1258
178; 1160; 2824; 1628
180;  -18; 3232; 2538
184; -288; 3994; 2910
185; 1676; 3792; 2742
188; 4582; 3434; 1390
190; 4850; 3238;  180
191; 3986; 3380;  452
193; 2734; 2932; 1008
195;  316; 2888; 1832
196;  564; 3118; 1870
198; -838; 2868; 3572
199; -924; 3258; 3796
201;  380; 3844; 2520
202; 1582; 3670; 2162
204; 3762; 3612; 1666
206; 5002; 3490;  638
207; 4670; 3480;   32
209; 3224; 3200;  836
210; 2896; 3102; 1132
212; 1116; 3310; 1428
213;  952; 3106; 1682
215; -784; 3294; 2896
217; -324; 3664; 3016
218;  724; 3794; 2312
220; 2530; 3718; 1838
221; 3820; 3652; 1514
223; 4938; 3420;   98
224; 5016; 3374;   98
226; 3176; 3202;  684
228; 1284; 2966; 1344
229;  754; 2924; 1700
231;  152; 3370; 1962
232; -510; 3330; 2630
234;   38; 3588; 2864
235; 1026; 3896; 2424
237; 2870; 3692; 1796
239; 3396; 3576; 1046
242; 3276; 3536;  806
243; 2890; 3538;  812
245; 1900; 3136; 1320
246;  828; 2948; 1870
248; -490; 3210; 3226
250; -542; 3434; 3288
251;  458; 3530; 2590
253; 2290; 3720; 1620
254; 3600; 3566; 1654
256; 4262; 3418;  618
257; 4700; 3190;  410
259; 3018; 3420;  766
261; 2118; 3044; 1464
262;  648; 3270; 1854
264; -168; 3044; 3218
265; -620; 3288; 3104
267;  626; 3586; 2566
269; 2476; 3564; 1630
270; 2454; 3460; 1152
272; 4508; 3284;  796
273; 4396; 3414;  398
274; 3740; 3532;  514
276; 2770; 3224; 1022
278; 1248; 3374; 1608
280;  314; 3214; 3050
281; -294; 3288; 3256
283;  132; 3560; 2834
284;  758; 3716; 2378
286; 2574; 3600; 1754
287; 3436; 3426; 1334
291; 3514; 3346;  558
292; 3028; 3242; 1042
294; 2032; 3016; 1390
295; 1048; 3120; 1782
297;   62; 3046; 3524
300;  126; 3626; 3158
302; 2246; 3556; 2196
305; 4746; 3188;  564
306; 4600; 3198; -108
308; 3602; 3436; -346
309; 3360; 2948;  616
311; 1948; 2960; 1828
313; 1200; 3248; 1942
314;  768; 3224; 2518
316; -314; 3278; 3616
317; -298; 3592; 3344
319; 1748; 3836; 2198
320; 2684; 3674; 1866
322; 3838; 3290;  820
324; 4212; 3340;  -50
327; 3044; 3174;  626
328; 2558; 3030;  810
330; 1224; 2856; 2262
331;  560; 2978; 3300
333; -976; 3376; 3216
335;  494; 3820; 2940
336; 2242; 3676; 2244
338; 3690; 3662; 1262
339; 3876; 3360;  920
341; 4128; 3338;  184
342; 4154; 3230;  312
344; 2842; 3056;  848
346; 1568; 2894; 1352
347; 1160; 2960; 2196
349; -306; 3160; 3414
350; -364; 3388; 3450
352; 1038; 3852; 2418
353; 2240; 3720; 2076
355; 3368; 3498; 1224
358; 4472; 3312;   70
360; 3100; 3046;  690
361; 2748; 2906;  972
363; 1342; 2854; 1724
364; 1368; 2806; 2570
366;  -90; 3148; 3098
368;  466; 3694; 2890
369; 1184; 3836; 2564
370; 2290; 3692; 2000
372; 3304; 3580; 1840
374; 3210; 3396;  970
375; 3866; 3254;  430
377; 3088; 3252;  682
379; 1782; 2826; 2068
380;  788; 3064; 3076
382; -704; 3034; 3378
383; -498; 3544; 2844
385; 1952; 3488; 2002
386; 2682; 3340; 1434
388; 4046; 3184;  434
390; 4094; 3594; -196
391; 3406; 3446;  454
393; 2770; 3110; 1576
394; 1544; 3106; 1818
396;  526; 3432; 2906
397;  222; 3368; 2802
399;  458; 3560; 2674
401; 2196; 3696; 1664
402; 3088; 3552; 1286
404; 3804; 3318;  624
405; 4388; 3406;  418
407; 3242; 3322;  540
409; 2462; 3242; 1444
410; 1728; 3274; 1514
412; -344; 3440; 3448
416; 1532; 3552; 1840
418; 3410; 3412; 1238
421; 4352; 3214;  348
423; 2908; 3218;  948
424; 2536; 3242; 1020
426; 1630; 3106; 1676
427;  946; 2996; 2780
429; -844; 3440; 3680
431;  874; 3616; 2630
432; 2222; 3530; 1796
434; 3326; 3598;  628
435; 4202; 3336;  858
438; 3224; 3274;  682
440; 2518; 3096; 1110
442; 1160; 2904; 2052
443;  100; 2958; 3146
445; -140; 3450; 3172
446;  682; 3704; 2292
448; 2306; 3794; 1432
449; 3626; 3568; 1002
451; 4384; 3536;  372
453; 3718; 3428;  412
454; 3208; 3296;  660
456; 1514; 2838; 1756
457;  852; 3238; 2482
459; -118; 3110; 3106
460; -326; 3130; 3136
462; 1322; 3822; 1870
464; 3238; 3714; 1182
465; 3606; 3592; 1110
466; 4190; 3544;  716
468; 3680; 3416;  330
470; 2638; 3160; 1204
471; 1564; 3016; 1814
475;  192; 3420; 2874
476;  958; 3676; 2106
478; 2702; 3652; 1406
479; 3110; 3644; 1082
481; 4492; 3566;  390
482; 4426; 3622;  332
484; 2962; 3466;  620
486; 1506; 3008; 1496
487; 1278; 3156; 2156
489; -706; 3020; 3742
490; -874; 3434; 3242
492; 1266; 3778; 1806
493; 2352; 3634; 1698
495; 3716; 3462; 1156
497; 4604; 3516;  366
498; 3530; 3576;  474
500; 2562; 3244;  980
501; 2274; 2980; 1388
503;  498; 3286; 2408
504; -238; 3214; 3118
506; -476; 3234; 3088
508; 1266; 3684; 2074
509; 2662; 3564; 1772
511; 3478; 3552; 1638
512; 3946; 3316; 1242
514; 3762; 3590;  520
515; 3144; 3328;  784
517; 2306; 3144; 1534
519;  952; 3386; 1640
520;  598; 3340; 2104
523; -266; 3262; 3240
525;  730; 3876; 2206
526; 2154; 3660; 2134
528; 3570; 3372; 1206
530; 4690; 3324;  614
533; 2726; 3148; 1178
534; 2312; 2956; 1786
537;  426; 3258; 2660
539; -846; 3376; 3060
541; 1606; 3754; 1322
542; 2338; 3592; 1094
544; 3218; 3630;  858
545; 3704; 3584;  660
547; 2666; 3818; 1034
548; 2738; 3670; 1212
550; 1350; 3332; 1702
552;  356; 3330; 2922
553; -668; 3466; 3528
555;  542; 3630; 2324
556; 1370; 3896; 1620
558; 3086; 3626;  608
559; 3396; 3718;  650
561; 3794; 3732;   80
562; 3436; 3790;  138
564; 2378; 3698;  700
566; 1212; 3532; 1384
567;  620; 3602; 1898
569;  -42; 3880; 2422
570;   98; 3856; 2032
572; 1118; 3786; 1290
574; 2236; 3820;  864
575; 2694; 3626;  628
577; 3524; 3626;  466
578; 3438; 3650;  354
580; 2872; 3754;  258
581; 2842; 3692;  182
583; 1928; 3438;  908
585; 1022; 3682; 2428
586;  764; 3902; 2714
588;  480; 4020; 1994
591; 2836; 3586;  920
592; 3362; 3536;  424
594; 4738; 3544; -712
596; 3842; 3750; -564
597; 3386; 3378;  176
599;  962; 2754; 2274
600;  138; 3190; 3482
602; -228; 3598; 2686
604; 1180; 3648; 2046
605; 1992; 3690; 1432
607; 3312; 3762;  512
610; 4322; 3688;  -20
611; 3418; 3770;  -58
613; 2248; 3086; 1464
615;  206; 3204; 3866
616; -434; 3214; 3912
618;   28; 3770; 2196
619; 1380; 3430; 1852
621; 3214; 3366;  386
622; 4486; 3222; -414
624; 4462; 3570; -510
626; 3364; 3216;  228
627; 2630; 3136;  860
629;  642; 3478; 2688
630;  118; 3360; 2898
632; -440; 3726; 2828
633;  502; 3876; 2320
635; 2346; 3854; 1454
637; 3448; 3688;  826
638; 4068; 3670;  566
640; 4258; 3494;  218
641; 3622; 3492;  328
643; 2244; 3252; 1302
644;  710; 3080; 2428
646;  434; 3298; 2952
649; 1668; 3470; 1692
651; 2968; 3382; 1088
654; 4386; 3452;   -4
655; 3910; 3548; -128
657; 3120; 3502;  152
658; 2600; 3180;  630
660;  632; 3028; 3030
662;  238; 3002; 3056
663;  -72; 3458; 3104
665; 1400; 3922; 2172
666; 3078; 3788; 1530
668; 4326; 3280;  762
671; 3902; 3530; -114
673; 2452; 2986; 1248
674; 1964; 2950; 1902
676;  536; 3256; 3646
677;  416; 2846; 3290
679;  438; 3542; 2054
681; 2422; 3626; 1216
682; 3390; 3402;  572
684; 4984; 3366; -342
685; 4634; 3570; -402
687; 3524; 2986;  920
688; 2842; 2824; 1512
690;  682; 3218; 3136
693;  726; 3412; 2786
695; 1608; 3804; 1348
696; 2170; 3604;  884
698; 4374; 2846;  664
699; 4742; 3038;  366
701; 3422; 3296;  948
703; 2664; 3018; 1258
704; 1572; 3034; 1930
707;  182; 3462; 2426
709; -850; 3354; 3170
710;  -48; 3410; 3298
712; 1544; 3490; 2846
714; 2150; 3174; 2872
715; 2214; 3134; 2964
717; 2354; 2756; 2762
718; 1980; 2906; 2662
720; 1394; 2944; 2406
721; 1382; 3008; 2288
722; 1380; 3242; 2056
725; 1196; 4120; 1432
726; 1050; 4280; 1554
728; 1096; 4154; 1680
729; 1000; 4156; 1486
731; 1278; 4652; 1146
732; 1622; 4538; 1214
734; 1236; 4272; 1068
736; 1364; 4040;  996
737; 1780; 3704;  810
739; 1944; 3344;  -80
740; 1558; 3316;  526
742; 2170; 3136; 2426
743; 2648; 2936; 2810
745; 2310; 2622; 2964
747; 2020; 2758; 2756
748; 1540; 3042; 2520
750; 2200; 3158; 1966
751; 1542; 3644; 1404
753;  -68; 3980; 1092
754;-1076; 4232;  802
756;-2428; 3948;  414
758; -540; 3768;  544
759;  394; 3348; 1460
761; 1216; 2784; 3282
762; 2360; 2644; 4122
764; 3632; 2850; 4272
766; 2276; 3076; 2526
767; 1638; 3480; 1534
770;-1644; 4086;  650
772;-3140; 4350; -416
773;-2568; 3962; -216
775;  158; 3402; 1894
777; 1006; 3302; 3546
778; 1772; 3062; 4178
780; 2466; 3120; 4108
781; 1746; 3606; 3128
783; 2194; 4068; 1140
784; 1002; 4424;  874
786;-1522; 4422;  108
788;-3040; 4134; -654
791;  690; 3378; 1146
792; 1206; 3262; 2212
794; 2180; 2830; 4212
795; 2998; 2750; 4480
797; 2058; 3274; 2816
799; 1890; 3820; 1200
800;  778; 4316;  684
802;-1086; 4342;   82
803;-2140; 4122;   14
805;-2052; 4050; -330
806; -726; 3864;  184
808;  308; 3226; 2692
810; 2282; 2994; 4632
811; 2552; 2770; 4896
813; 1950; 3494; 3418
814; 1420; 3482; 2008
816; 1268; 4156; 1080
817;   68; 4308;  558
818;-1518; 3942;  -96
821;-2466; 4074; -368
822; -474; 3922;  108
824;  382; 3262; 2174
825; 1624; 3170; 3382
827; 2668; 2846; 4360
828; 3468; 3094; 4188
830; 1570; 3526; 1856
832; 1524; 3990;  840
833; 1036; 4396;  748
835;-1720; 4240;  -56
836;-3092; 4198; -104
838; -878; 3974;  120
839; -136; 3552;  686
841; 1266; 2984; 3152
843; 2836; 3000; 4524
844; 3348; 2882; 4384
846; 1650; 3690; 1996
847; 2166; 4012; 1134
849;  678; 4108;  512
850;  380; 4246;  112
852;-2588; 4264; -250
854;-1558; 3948; -218
855; -724; 3758;  340
857;  770; 3082; 2898
858; 1616; 3006; 3912
860; 3292; 2834; 4672
861; 3168; 3170; 3958
863; 1602; 3494; 1642
865; -270; 4018;  504
866; -330; 4056; -280
868; -524; 3852; -382
869;  624; 3542;  148
871; 1310; 3400; 1664
872; 1652; 3528; 1734
874;  482; 3836; 2768
876; 1926; 3766; 3332
877; 2642; 3732; 3168
879; 1298; 4070; 1774
880;  654; 4254; 1540
882; -488; 4208; 2084
883;-1476; 4248; 2172
887; -304; 3476; 1032
888; 1532; 3232; 1800
890; 2784; 3010; 2354
891; 2912; 2942; 2382
893; 3456; 2802; 2836
894; 3070; 3184; 2538
896; 2584; 3650; 1298
898;  464; 4086;  478
899; -786; 4162;  502
901;-3104; 4188;  574
904;   68; 3652;  796
905;  972; 3264; 1578
907; 2498; 2910; 3828
909; 4068; 3020; 4494
910; 3220; 3510; 3560
912; 2578; 3856; 1294
913; 1322; 4106;  920
916;-2192; 3942;  522
918;-2594; 3802;  204
920; -152; 3400; 1164
921; 1058; 3122; 2690
923; 3294; 3276; 4372
924; 4068; 2998; 4678
926; 2364; 3848; 2010
927; 2596; 4038; 1140
929; -526; 4208;   52
931;-2196; 3674;  202
932;-3354; 3996; -168
934; -590; 3770;  514
935;  470; 3348; 1472
937; 2550; 3220; 3912
940; 2332; 3824; 3306
942; 2624; 3734; 1284
943; 1596; 4020; 1058
945;-1998; 4314; -132
946;-2670; 4034;   26
948;-1384; 3916; -262
950;  698; 3488; 1324
951; 1532; 3064; 2724
953; 3810; 2936; 4958
954; 3608; 3272; 5010
956; 2606; 3528; 1984
957; 2562; 3732; 1268
959; -382; 3990; -282
962;-2808; 3952; -504
964;-1034; 4018; -306
965;  242; 3510; 1076
967; 1930; 3148; 3902
968; 2760; 3382; 4596
970; 2682; 3424; 4746
972; 2296; 3686; 1780
973; 2368; 3946; 1310
975;   16; 4200; -564
976; -634; 4148; -510
978;-2270; 3864;-1116
979;-1600; 3816; -702
981;  474; 3270; 1674
983; 2562; 3308; 4274
984; 3916; 3158; 5430
986; 2358; 3718; 3636
987; 2624; 3510; 2120
989;   42; 4386;  474
990;  538; 4236; -342
992;-2748; 4058; -810
994;-1688; 3618; -690
995; -428; 3702;   78
997; 1316; 3162; 3186
998; 2096; 3286; 4354
1000; 3630; 3428; 5280
1003; 2778; 3978; 1462
1005; -812; 4494; -702
1006;-2142; 4280; -818
1008;-2198; 3776;-1416
1009; -514; 3796; -952
1010;  622; 3352;  264
1012; 2180; 3038; 3662
1014; 3588; 3364; 5110
1016; 2002; 3860; 3010
1017; 2406; 3828; 1800
1019; -800; 4538;   34
1020; -386; 4222; -440
1022;-2264; 4152; -900
1023;-1814; 3766; -948
1025;  802; 3314;  200
1027; 1998; 3048; 3678
1028; 1960; 3182; 4534
1030; 3344; 3622; 4934
1031; 2010; 3988; 3008
1033; 2368; 4042; 1310
1034; -326; 4682;  250
1036;-1938; 4336; -664
1038;-2280; 3978;-1316
1039;-1158; 3894;-1004
1041; 1200; 3136; 1680
1042; 1896; 3238; 3032
1044; 2958; 3246; 4664
1047; 2292; 4012; 1904
1049; 1388; 4276;  776
1050; -966; 4356; -316
1052;-2704; 4208; -614
1053;-2180; 3916; -788
1056;  652; 3384;  788
1058; 1752; 3184; 3918
1060; 3628; 3198; 5630
1061; 2622; 3626; 4868
1063; 2186; 3684; 1818
1064; 2498; 3770; 1596
1066;  172; 4122; -520
1067;-1002; 4242; -756
1069;-2740; 4266;-1346
1071; -324; 3860; -380
1072;  602; 3480; 1148
1074; 1796; 3492; 4104
1075; 1998; 3356; 4860
1077; 2686; 3458; 4876
1079; 2300; 3658; 1648
1080; 2342; 3868; 1036
1082;  132; 4046; -606
1083;-1740; 4370; -894
1085;-2554; 4044;-1256
1086;-1302; 3912;-1050
1088;  532; 3332; 1824
1090; 2108; 3504; 4630
1091; 2650; 3430; 5230
1093; 1968; 3964; 3898
1094; 2080; 3832; 2014
1096;  656; 4338;  616
1097;-1162; 4488; -722
1099;-1798; 4018; -986
1101; -216; 3810; -872
1102;  676; 3556;    8
1104; 2108; 3104; 3898
1105; 1940; 3342; 4728
1106; 1998; 3626; 4692
1108; 1874; 4118; 2514
1110; -708; 4464;  282
1112; -338; 4752;-1614
1115; 1600; 3472; -878
1116; 2450; 3022;  502
1118; 3774; 3304; 2786
1119; 3682; 3830; 3228
1121; 2882; 3878; 2816
1123;  700; 4348;  380
1124;  -12; 4920; -744
1126;  -22; 4748;-1764
1127; -102; 4348;-1910
1129; 1380; 3474;-1088
1130; 1388; 2768;  600
1132; 3226; 3142; 3976
1134; 3632; 3842; 4232
1135; 2782; 4296; 3192
1137;  294; 4776;  856
1138; -674; 4870; -138
1140;-1750; 4894;-1194
1141;-1730; 4598;-1608
1143;  570; 3716;-1282
1145; 2654; 2580; 2416
1146; 3302; 2792; 4176
1148; 4646; 3084; 5204
1149; 3656; 3236; 4162
1151;  784; 3708;  820
1152;  584; 4250; -894
1154; -854; 4892;-2908
1156;  848; 3916;-2420
1157; 1408; 3514;-1904
1159; 3282; 2832; 2638
1160; 3170; 3360; 4238
1162; 3986; 3688; 5494
1163; 1996; 4108; 3636
1165;    0; 4532;  438
1167; -252; 5008;-1852
1168; -444; 4798;-2276
1170; 1482; 3600; -650
1173; 2332; 3208; 3300
1174; 2358; 3464; 4142
1176; 1062; 4004; 2972
1178; 1106; 4626; 1036
1179;  474; 4864; -260
1181;  548; 4460; -892
1182; 1366; 4100; -530
1184; 1044; 3438; -144
1185; 1376; 3240; 1082
1187; 2164; 3054; 4892
1189; 1234; 3996; 3668
1190; 1386; 3866; 2722
1192;  368; 4560;   -8
1195; -376; 4346;-1878
1196;  828; 4008;-1360
1198; 1646; 3078;  118
1200; 2854; 2794; 4150
1201; 3372; 3268; 5512
1202; 2192; 3708; 4718
1204; 1252; 4312; 2178
1206;  554; 4580; -548
1209;  894; 3858;-1552
1211; 1042; 3306; -326
1212; 1392; 3224;  552
1214; 2664; 3720; 2044
1215; 2278; 4110; 1876
1217; 1564; 4552; 1890
1218;  780; 4334; 1860
1220; -552; 4694; 1946
1222; -252; 4446; 2142
1223; -298; 4566; 1604
1225; 1064; 3780; 1626
1226; 2154; 3412; 1720
1228; 3928; 2946; 1950
1231; 3328; 3430; 1020
1233; 2468; 3776;  252
1236;-1028; 4294;  380
1237;-1816; 4434;  704
1239; -994; 4274;  602
1240;   92; 4008;  884
1242; 3864; 2962; 2048
1244; 5766; 3130; 2480
1245; 4242; 3232; 2346
1247; 3188; 4072;  400
1248; 2586; 3894;  184
1250; -128; 3812;  500
1251;-1556; 4126; 1068
1253;-1326; 4198; 1024
1255; 1220; 3708; 1232
1256; 3438; 3264; 1516
1258; 5558; 3002; 2520
1259; 3710; 3482; 2064
1261; 2640; 3538;  704
1262; 2562; 3506;  336
1264;  174; 3922;  290
1266;-1054; 4316;  556
1267;-1246; 4580;  690
1269; -708; 4218; 1374
1270;  730; 3836; 2022
1272; 3438; 3140; 3140
1273; 4102; 3232; 2836
1275; 2672; 3588; 2426
1277; 2298; 3570; 1482
1278; 2006; 3706;  952
1280; -168; 4052;  654
1281;-1148; 4340;  652
1283;-1560; 4046; 1086
1285; 1622; 3604; 1358
1286; 2796; 3136; 2080
1289; 4634; 2910; 2428
1291; 2852; 3416;  988
1292; 2878; 3274;  694
1294; 1032; 3660;  336
1296;-1268; 4164;  682
1297;-2532; 4488; 1308
1298;-2192; 4582; 1548
1300;  790; 3946; 1640
1302; 3848; 3564; 2358
1303; 5234; 3294; 2366
1305; 3210; 3712; 1608
1307; 2250; 3316;  814
1308; 2042; 3212;  796
1310;  162; 4050;  864
1311; -564; 4280; 1114
1313;-1070; 4248; 1626
1314; -500; 4132; 1752
1316; 2320; 3356; 1216
1318; 4136; 2952; 1716
1319; 4258; 3078; 1542
1321; 2742; 3504;  890
1322; 2220; 3782;  490
1324; 1200; 3576; 1138
1325;  876; 3712; 1414
1327;  696; 3902; 1392
1329; 1570; 3796; 1454
1330; 2028; 3706; 1440
1332; 2206; 3906; 1406
1333; 2126; 3956; 1248
1335; 2252; 3862; 1020
1336; 2296; 3746; 1072
1338; 1780; 3630; 1614
1340; 2250; 3558; 1382
1341; 2532; 3464; 1356
1343; 2102; 3586; 1508
1344; 2740; 3708; 1628
1347; 2898; 3330;  944
1349; 2962; 3168; 1198
1351; 2990; 3508;  890
1352; 3238; 3700;  952
1354; 2610; 3544; 1056
1355; 2026; 3650; 1014
1357;  632; 3768; 1860
1358;  100; 3788; 2622
1360; -334; 4158; 2672
1362;  676; 3628; 2154
1363; 1624; 3430; 1742
1365; 3318; 3158; 1220
1366; 3798; 2914; 1262
1368; 3008; 3134; 1010
1369; 2646; 3532;  838
1371; 2676; 3606;  704
1373; 1392; 3528; 1498
1374;  100; 3620; 2392
1376; -946; 4098; 3124
1377;  202; 4016; 2614
1379; 2080; 3540; 1342
1380; 4012; 3270;  618
1382; 5048; 3012;  358
1385; 3154; 3450;  412
1387; 2004; 3054; 1298
1388;  670; 3476; 1896
1390; -896; 4202; 2670
1391;-1408; 4394; 2608
1393;  398; 4058; 1756
1394; 1220; 3946; 1558
1396; 3092; 3438; 1576
1398; 4710; 3090; 1380
1399; 5030; 2826; 1564
1401; 2960; 3334; 1098
1402; 2646; 3246; 1312
1406; -572; 3862; 2410
1407;-1298; 4510; 2394
1409; -408; 4460; 1374
1410;  904; 4092;  882
1412; 2910; 3252;  210
1415; 3886; 2998; 1632
1417; 2728; 3618; 2292
1418; 2932; 3590; 2110
1420; 2446; 3604; 1282
1421; 1690; 4082;  916
1423; -758; 4544;  668
1424;-1258; 4368;  416
1428; 3732; 2868;  324
1429; 4632; 2938; 1608
1431; 4882; 3584; 2974
1432; 3528; 4274; 2174
1434; 2360; 4068; 1124
1435; 1240; 4372;  428
1437;-1004; 4454; -482
1439; -236; 3692;-1016
1442; 4468; 2654; 1222
1443; 5142; 3180; 1890
1445; 3740; 4334; 1730
1446; 3524; 3864; 1408
1448; 1514; 4474;  102
1450;  388; 4600;-1230
1451; -278; 4358;-1264
1453;  -66; 3770;-1644
1454;  394; 3432;-1520
1456; 4210; 2696;  768
1458; 6038; 3128; 2506
1459; 4024; 4132; 2316
1461; 3290; 3986; 1620
1464;  632; 4908; -742
1465;  180; 4654; -980
1467;   10; 4108;-1656
1469;  716; 3488;-1386
1470; 2026; 3030;-1164
1472; 3924; 2950;  894
1473; 4912; 2820; 1802
1475; 3318; 4172; 2428
1476; 3686; 4254; 1874
1478; 2634; 4350;  580
1480;  620; 4552; -244
1481;  268; 4562; -578
1483; -500; 4308; -894
1484;  -68; 3748;-1058
1486; 1192; 3204;-1198
1487; 3080; 2614; -476
1489; 4952; 3034; 1166
1490; 5658; 2996; 1676
1492; 3452; 4102; 1750
1494; 2566; 4306; 1544
1495; 1858; 4326; 1240
1497; 1128; 4176; 1024
1498;  936; 4116;  638
1500; 1048; 4272;  192
1502; 1870; 3796;   34
1503; 1980; 3950;  234
1505; 1988; 4068;  358
1506; 2068; 3988;  268
1508; 1760; 3964;   24
1509; 1676; 3982;  204
1511; 2240; 3560;  512
1513; 2932; 3746;  574
1514; 3544; 3628;  912
1516; 4054; 3526; 1382
1517; 3754; 3758; 1304
1519; 2772; 3694;  404
1522; 1504; 4190;  110
1524;  396; 4756;   40
1525; -132; 4606;   10
1527;  510; 4050;   82
1528;  416; 4126;  234
1530; 1404; 3696;   52
1531; 2014; 3706;  410
1533; 3402; 3652;  354
1535; 5664; 3382;  920
1536; 5334; 3530; 1072
1538; 3396; 3652;  140
1539; 2596; 3866;   -8
1541; 1528; 3836;  200
1542;  830; 4066;  312
1544; -368; 4730;  478
1546;  530; 4030;  880
1547;  836; 3864;  698
1549; 1562; 3694;  366
1550; 2372; 3506;  672
1552; 3492; 3544;  910
1553; 4436; 3372;  930
1554; 5202; 3278; 1166
1557; 3716; 3748;  230
1558; 2870; 3900;  -14
1560; 1244; 4046;   -2
1561;  156; 4386;   -2
1563; -408; 4262;  308
1564;  -20; 4092;  552
1566; 1592; 3852;  788
1568; 2864; 3700;  708
1569; 3340; 3656;  446
1571; 3262; 3954;  298
1572; 2816; 3980;  140
1574; 2696; 4124; -406
1575; 2552; 4216; -552
1577; 1592; 3990; -158
1579;  762; 3826;  840
1580;  782; 3764; 1494
1582;  496; 4306; 2248
1583;  670; 4388; 1714
1585; 1144; 4130; 1490
1586; 1776; 3878; 1270
1588; 1672; 3940; 1098
1590; 2318; 3696; 1518
1591; 3708; 3030; 1366
1593; 2784; 3338;  644
1594; 2772; 3474;  512
1596; 2624; 3896;  332
1597; 2200; 3982;   62
1599; 2108; 3902;  186
1601; 1622; 3502; 1228
1602;  904; 3644; 1400
1604;   22; 4052; 1856
1605; -120; 3722; 2600
1607;  862; 3612; 3030
1608; 1304; 3920; 2488
1610; 2356; 3652; 1868
1612; 3078; 3414; 1496
1613; 3416; 3322; 1062
1615; 3266; 3242;  918
1616; 2534; 3456;  624
1618; 2204; 3686; 1046
1619; 1882; 3458; 1274
1621;  332; 3734; 1592
1623; -684; 3576; 2490
1624; -318; 3588; 2612
1626;  512; 3916; 2218
1627; 1598; 3718; 1876
1629; 2918; 3274; 1760
1631; 3606; 3152; 1330
1632; 3834; 3182;  866
1634; 2510; 3592; 1020
1635; 2116; 3426; 1106
1637; 1326; 3402; 1354
1638; 1130; 3620; 1520
1640; -198; 3922; 2162
1642;  314; 3958; 2152
1643;  696; 3858; 2314
1645; 1420; 3842; 2182
1648; 2668; 3314; 1696
1649; 3056; 3198; 1604
1650; 3228; 3194; 1320
1653; 1838; 3420; 1576
1654; 1702; 3174; 1552
1656;  530; 3758; 1548
1657;  314; 3868; 1844
1659; -904; 3660; 2400
1660; -876; 4024; 2520
1662;  -56; 3974; 2316
1664; 1744; 3564; 1862
1665; 1750; 3366; 2026
1667; 2380; 3018; 1702
1668; 2986; 3170; 1518
1670; 2054; 3452; 1590
1671; 1914; 3376; 1718
1673; 1978; 3290; 1434
1675;  686; 3636; 1870
1676; -766; 3748; 2400
1678;-1658; 3818; 2746
1679; -376; 3642; 2456
1681;  -62; 3796; 2688
1682;  496; 3864; 2418
1684; 2662; 3342; 1734
1686; 3602; 3322; 1262
1687; 3300; 2874; 1344
1689; 2010; 3364; 1504
1690; 2056; 3312; 1506
1692;  222; 3552; 1310
1693;  990; 3512; 1748
1697; -220; 3928; 2502
1698;   -8; 4028; 2512
1700;  958; 3836; 2354
1701; 2794; 3404; 2022
1703; 3570; 3328; 1306
1704; 4238; 2686; 1072
1706; 2452; 3268; 1382
1708; 2346; 3300; 1234
1709; 1974; 3162; 1358
1711;  622; 3158; 1614
1712; -298; 4062; 2498
1714;-2142; 4010; 2908
1715; -276; 3962; 2986
1717;   12; 3836; 2796
1719; 2672; 2866; 2340
1720; 3430; 3120; 1950
1722; 3952; 2900;  752
1723; 3798; 2970;  784
1725; 2284; 3118; 1162
1726; 2346; 2950; 1284
1728;  830; 3130; 1338
1730; -612; 3340; 2352
1731; -850; 3552; 2506
1733; -252; 4176; 2692
1734;  410; 4044; 2688
1736; 1018; 3980; 2498
1737; 2548; 3590; 2112
1739; 2706; 3106; 1472
1741; 3494; 2900;  706
1742; 2762; 3220;  968
1744; 2188; 3214; 1204
1745; 2220; 3082; 1298
1746; 1718; 2936; 1336
1748; 1270; 3564; 1680
1750; -476; 3484; 2872
1752; -140; 4324; 2640
1753;  682; 4158; 2702
1755;  940; 4274; 2606
1756; 2118; 3758; 2348
1758; 2640; 3206; 1264
1759; 3524; 2798; 1088
1761; 3502; 2800;  416
1763; 2280; 3112; 1060
1764; 2448; 3056; 1138
1766; 1126; 3488;  964
1767; 1474; 3384; 1330
1769;  926; 3254; 2378
1770; -332; 4172; 2778
1772;  152; 4306; 2904
1774;  358; 4174; 2548
1775;  774; 4116; 2352
1777; 3382; 3242; 1498
1778; 2968; 3572;  738
1780; 3810; 3330;  238
1781; 3220; 3118;  646
1783; 2530; 3162; 1018
1785; 1646; 3188;  926
1786; 1584; 3240; 1168
1788;  868; 3224; 2106
1789; -418; 4130; 2650
1791; -372; 4216; 2630
1792;  452; 3826; 2698
1794; 1050; 4020; 2440
1796; 3414; 3150; 1584
1797; 3862; 3558;  890
1799; 4070; 3280;  554
1800; 3020; 3516;  712
1802; 2648; 3288; 1112
1804; 1636; 3694;  974
1805;  730; 4130; 1022
1807; -160; 3892; 2460
1808; -868; 3800; 2712
1810;  600; 3604; 2706
1811;  724; 3722; 2354
1813; 1542; 3714; 1888
1815; 2702; 3044;  896
1816; 4326; 2980;  656
1818; 3644; 2910;  512
1819; 2698; 3420;  762
1821; 2576; 3176; 1240
1822; 2364; 3048; 1390
1824; 1220; 3530; 1756
1826; -368; 3324; 2974
1827;-1468; 4118; 3006
1829;  576; 4018; 2618
1830;  324; 4164; 2472
1832; 3262; 3440; 1856
1833; 2348; 3814; 1220
1835; 4302; 3298;  570
1837; 3416; 3288;  324
1838; 2684; 3546;  670
1840; 2606; 3080; 1134
1841; 2436; 2978; 1164
1842; 1624; 3070; 1022
1844; 1800; 3052; 1480
1846;  980; 3266; 2136
1848;  -70; 3672; 3026
1849;  526; 4072; 2844
1852;  840; 3962; 2390
1854; 3076; 3366; 1744
1855; 2208; 3688; 1286
1857; 3518; 3332;  664
1859; 3404; 3318;  170
1860; 2840; 3436;  394
1862; 2590; 3282;  892
1863; 2352; 3240;  886
1865;  844; 3674; 1158
1866; 1516; 3738; 1442
1868;  268; 3426; 2750
1871; 1070; 3796; 2742
1873;  538; 3970; 2602
1874; 1934; 3588; 2058
1876; 2778; 3574; 1400
1877; 3082; 3318;  780
1879; 3420; 3392;  278
1881; 2876; 3408;  540
1882; 2676; 3226;  808
1885; 1692; 3190; 1082
1887; 1172; 3480; 1834
1888; -232; 3536; 2496
1890;  -12; 3844; 2944
1892;  880; 3998; 2492
1893;  584; 4168; 2508
1895; 1998; 3586; 2010
1896; 3262; 3388; 1568
1898; 4024; 2952;  914
1899; 3264; 3356;  646
1901; 2630; 3370;  882
1903; 2484; 3166; 1180
1904; 2082; 3156; 1310
1906;  736; 3674; 1520
1907; 1036; 3690; 1872
1909; -680; 3790; 2950
1910; -312; 3700; 3200
1912;  730; 3966; 2692
1914; 1412; 3800; 2356
1915; 2094; 3418; 1892
1917; 2454; 3332; 1192
1918; 3830; 2848;  918
1920; 3262; 3070;  686
1921; 2502; 3254;  922
1923; 2510; 3078; 1222
1925; 1692; 3186; 1250
1926; 1026; 3694; 1522
1929;  562; 3298; 2476
1931; -142; 3858; 3432
1932; -260; 4008; 3148
1934;  248; 3996; 2620
1936; 1896; 3282; 2310
1937; 1952; 3414; 2044
1938; 2494; 3258; 1666
1940; 3032; 2874; 1486
1942; 3450; 2970;  724
1943; 2458; 3338;  898
1945; 1998; 3160; 1464
1947; 1678; 3226; 1436
1948; 1046; 3532; 1484
1950;  416; 3320; 2534
1951;   32; 3658; 3020
1953; -792; 4020; 3208
1954;  854; 3590; 2888
1956;  888; 3798; 2482
1958; 2286; 3430; 1766
1959; 2228; 3240; 1668
1961; 2600; 3266; 1086
1962; 2972; 3136;  902
1964; 2028; 3448; 1138
1965; 2104; 3316; 1388
1967; 1964; 3254; 1204
1969; 1464; 3488; 1418
1970; 1390; 3632; 1934
1972; 1194; 3584; 2334
1973;  180; 3832; 2790
1975; -364; 3752; 3122
1977;  446; 3786; 3140
1978;  770; 3728; 2672
1980; 1582; 3536; 1982
1981; 2186; 3106; 2022
1983; 2602; 3090; 1320
1984; 2566; 2976; 1188
1988; 2032; 3330; 1222
1989; 1890; 3284; 1372
1991; 1478; 3306; 1394
1992; 1198; 3528; 1584
1994;  422; 3738; 2630
1995;  466; 3534; 2936
1997; -896; 3986; 3416
1999;  668; 3814; 2936
2000;  572; 3740; 2542
2002; 2262; 3340; 1934
2003; 1928; 3380; 1590
2005; 2418; 3226; 1064
2006; 3420; 2890;  766
2008; 2308; 3308;  730
2010; 2078; 3276; 1206
2011; 2076; 3194; 1148
2013;  746; 3702; 1342
2014; 1532; 3638; 1668
2016;  890; 3546; 2074
2017; -222; 3942; 2866
2019;   24; 3900; 4202
2021;  884; 3866; 3258
2022;  706; 3848; 2960
2024; 2300; 3322; 1730
2025; 2338; 3180; 1522
2027; 2796; 3010;  522
2028; 3716; 2730; -128
2030; 2430; 3308;  330
2032; 2028; 3312;  868
2033; 2040; 3134; 1072
2036; 1562; 3600; 1550
2038; 1082; 3642; 2782
2039;  552; 3702; 3210
2041;  -12; 3828; 3650
2043;  568; 3714; 2968
2046; 2104; 3262; 1906
2047; 2232; 3468; 1592
2049; 2666; 3410;  922
2050; 3258; 2596;  798
2052; 2958; 2856;  578
2054; 2090; 3350;  968
2055; 2042; 3372; 1176
2057; 1598; 3416; 1414
2060;  494; 3770; 2900
2061;  282; 3330; 3504
2063;  208; 4214; 2958
2065;  700; 3824; 2862
2066; 1442; 3704; 2068
2068; 2562; 3256; 1686
2069; 3350; 3216; 1158
2071; 3402; 3064;  472
2072; 3044; 3012;  636
2074; 2102; 3448; 1074
2076; 1860; 3266; 1138
2077; 1560; 3456; 1282
2079; 1314; 3376; 2110
2080;  214; 3876; 2686
2082; -790; 4012; 3450
2083;  118; 4024; 3144
2085;  250; 3814; 2886
2087; 3152; 3234; 2030
2088; 2140; 3278; 1976
2090; 2748; 3222; 1298
2091; 3540; 2946;  766
2093; 2340; 3424;  962
2094; 2122; 3262; 1222
2096; 1790; 3162; 1194
2098; 1124; 3650; 1446
2099; 1498; 3576; 2094
2101; -158; 3724; 3222
2104;  978; 4040; 2938
2105;  730; 3986; 2632
2107; 1884; 3346; 1712
2109; 2546; 3044;  914
2110; 3388; 2612;  616
2112; 3102; 2948;   40
2113; 2674; 3368;  326
2115; 2248; 3282;  814
2116; 2048; 3238; 1088
2118; 1504; 3612; 1592
2120; 1130; 3448; 2236
2121;  762; 3896; 2976
2123; -298; 4034; 3558
2124;  700; 4120; 3026
2126;  454; 3954; 2442
2127;  440; 3990; 2186
2129; 2418; 3376; 1182
2130; 2326; 3526;  762
2132; 3164; 3450;  262
2134; 2698; 3490;  546
2135; 2288; 3492;  858
2137; 2262; 3322; 1094
2138; 2022; 3240; 1318
2140; 1152; 3738; 1534
2142;  654; 3850; 2046
2143;  580; 3594; 2484
2145;  130; 3946; 2884
2146;  810; 3802; 2800
2148;  692; 3972; 2424
2150; 2560; 3440; 1566
2151; 2174; 3520; 1228
2153; 2634; 3514;  748
2154; 3598; 3048;  524
2156; 2440; 3444;  774
2157; 2262; 3492;  872
2159; 2126; 3408;  998
2161;  732; 3792; 1124
2162; 1594; 3504; 1590
2164; -942; 3830; 3120
2165; -876; 3786; 3260
2167;  540; 3810; 2456
2168; 1290; 3730; 2338
2170; 3532; 3412; 1396
2172; 4176; 3236;  740
2173; 3814; 3344;  712
2175; 2496; 3416;  762
2176; 2188; 3480;  926
2178; 1772; 3114; 1218
2179;  842; 3684; 1134
2181;  320; 3978; 2200
2183; -976; 4028; 3088
2184; -946; 4342; 2690
2186;  558; 3996; 2422
2187; 1688; 3634; 2286
2189; 2914; 3488; 1690
2190; 4030; 3212; 1292
2192; 3796; 3044;  704
2194; 2230; 3342;  958
2195; 2120; 3192; 1128
2198; 1248; 3554; 1074
2200;  890; 3404; 1836
2201; -116; 3542; 2960
2203;-1050; 4292; 3300
2205;  184; 4338; 2656
2206; 1114; 3886; 2082
2208; 2254; 3476; 1588
2209; 2848; 3166; 1394
2211; 3234; 3258;  628
2212; 4128; 2834;  508
2214; 2482; 3194; 1098
2216; 2226; 3148; 1344
2217; 1608; 3146; 1238
2220;  780; 3702; 2228
2222; -616; 3946; 3096
2223; -626; 4074; 2952
2225;  360; 4052; 2342
2226; 1314; 3812; 2026
2228; 2386; 3510; 1720
2230; 3336; 2988; 1076
2231; 3938; 3318;  334
2233; 2876; 3430;  388
2234; 2302; 3328;  784
2236; 2124; 3082; 1166
2238; 1184; 3694; 1062
2239; 1342; 3812; 1160
2241; 1002; 3532; 2090
2242;  868; 3692; 2304
2244;   96; 3814; 2846
2245;  836; 3896; 2776
2247; 1240; 3926; 2352
2249; 2196; 3766; 1732
2250; 2372; 3506; 1924
2252; 2630; 3388; 1318
2253; 2402; 3386; 1372
2255; 2410; 3484;  806
2256; 3028; 3130;  514
2258; 2532; 3360;  368
2260; 2480; 3504; 1070
2261; 2456; 3374; 1192
2263; 2010; 3468; 1556
2266;  696; 3786; 2360
2267;  408; 3690; 2800
2269;  -78; 3766; 3244
2271; 1012; 3766; 2434
2272; 1662; 3592; 2338
2274; 2362; 3558; 1666
2275; 2522; 3386; 1594
2279; 2208; 3300; 1124
2280; 2540; 3280;  842
2282; 1902; 3580;  980
2283; 2150; 3702;  828
2285; 1970; 3528; 1162
2286; 1892; 3438; 1326
2288; 1240; 3600; 1816
2290;  702; 3516; 2430
2291;  298; 3502; 2908
2293; -238; 3734; 2544
2294;  242; 3770; 2332
2296; 1702; 3644; 2260
2297; 1912; 3560; 2314
2299; 2592; 3376; 2316
2301; 2690; 3170; 1866
2302; 2834; 3218; 1532
2304; 2794; 3134; 1008
2305; 2308; 3216; 1046
2307; 2078; 3242; 1100
2308; 1844; 3310; 1434
2310; 1132; 3394; 1868
2312;  768; 3436; 2402
2313;  828; 3282; 2680
2315;  520; 3674; 2924
2316;  788; 3900; 2756
2318; 1168; 4026; 2144
2319; 1000; 4024; 1898
2321; 2180; 3580; 1540
2322; 1816; 3618; 1242
2324; 2058; 3478; 1390
2326; 1652; 3474; 1292
2327; 1242; 3644; 1384
2329; 1678; 3458; 1666
2330; 1732; 3406; 1756
2332; 2062; 3746; 1982
2334; 2832; 3530; 1738
2337; 2752; 3382; 1466
2338; 2466; 3312; 1132
2340; 2050; 3938;  -76
2341; 1500; 4182; -298
2343; 1340; 4410; -726
2345; 1586; 4272;-1466
2346; 1464; 4146;-1430
2348; 1470; 3824;-1130
2349; 1624; 3664; -628
2351; 2066; 3408;  706
2352; 2448; 3098; 1094
2357; 4390; 3328; 2138
2359; 3546; 3478; 1376
2360; 3110; 3622;  962
2365;  654; 4312;  488
2367;  578; 4164;  474
2368;  992; 4226;  414
2370; 1372; 4112;  366
2371; 1244; 3800;  234
2373; 2612; 3198;  562
2376; 4654; 2808; 1264
2378; 3340; 3124; 1170
2379; 3124; 3144;  792
2381; 2632; 3770;  546
2382; 1992; 3760;  594
2384; 1204; 4486;  358
2385;  572; 4800;  412
2386;  336; 4846;  524
2389; 1106; 4018;  860
2390;  884; 3998;  590
2392; 2346; 3576;  970
2393; 2384; 3462; 1222
2395; 3406; 3266; 1316
2396; 3838; 3136; 1494
2398; 4296; 3200; 1498
2400; 2986; 3344;  874
2403; 1806; 3976;  812
2404; 1066; 4478;  544
2406; -240; 5268;  290
2407;  -28; 4932;  362
2409;  380; 3900;  336
2411; 1658; 3198;  780
2412; 2216; 3062; 1736
2414; 3360; 2728; 2338
2417; 3510; 3298; 2194
2418; 3084; 3382; 1738
2420; 2484; 3772;  608
2423;  788; 4058;  830
2425;  512; 4028;  734
2426;  188; 4058; 1292
2428; 1012; 3930;  940
2429; 1112; 3980;  564
2431; 2120; 3592; 1336
2433; 2606; 3698; 1230
2434; 2786; 3680; 1340
2436; 3660; 3238; 1682
2437; 3992; 3226; 1880
2439; 3394; 3536; 1526
2440; 3104; 3590; 1328
2442; 2264; 3536;  808
2444; 1564; 3670; 1098
2445;  640; 4078; 1216
2447; -524; 3824; 1842
2448; -740; 3846; 1896
2450;  208; 3600; 1496
2451; 1618; 3386; 1574
2453; 3358; 3040; 2270
2455; 5174; 3158; 2068
2456; 4666; 3380; 1798
2458; 2704; 4136;  308
2459; 2670; 3826;  226
2461;  392; 3830;  750
2462; -654; 3916;  798
2464; -904; 3530; 1784
2466;  420; 3378; 1366
2467; 1846; 2846; 2106
2469; 4264; 3062; 3180
2472; 3728; 3538; 2252
2475; 1372; 3826;  798
2477; -418; 3924; 1090
2478;-1320; 3722; 1186
2480;-1610; 4358; -378
2481; -662; 3736; -234
2482;  518; 3336;  636
2485; 4418; 3188; 3582
2486; 4400; 3524; 3350
2488; 2706; 3484; 2000
2489; 2022; 3444; 1556
2491; -440; 4590;  970
2492; -684; 4114;  714
2494;-1454; 3960; -398
2496; 1068; 3548;  478
2497; 2116; 3832;  200
2499; 3798; 3432; 3034
2500; 3658; 3594; 3650
2502; 2732; 3902; 2532
2503; 1664; 4052; 1444
2505;  446; 4232;  588
2507;-1036; 4246; -500
2508; -426; 3790; -548
2510;  784; 3280; -172
2511; 1276; 3126;  784
2513; 3602; 3026; 4114
2514; 4044; 3524; 4334
2516; 2478; 3976; 2250
2518; 1502; 4220; 1396
2519;  -64; 4670;  840
2521;-1190; 4458;   -2
2522;-1364; 4086; -698
2524;  950; 3160;  322
2525; 1110; 3178;  878
2527; 3200; 3238; 3130
2529; 3330; 3458; 3476
2530; 3112; 3496; 3324
2532; 1492; 4094; 1052
2533;  488; 4324; 1018
2535; -642; 4202;  246
2536;-1746; 4206;   74
2540; 1202; 3088; 1356
2541; 2954; 2728; 3464
2543; 4108; 3580; 4090
2544; 4404; 3492; 4214
2546; 2112; 3834; 1384
2547; 1440; 4126;  898
2549; -906; 4606; -450
2551; -890; 4122;-1088
2552;  -90; 3546; -506
2554;  974; 3190;  330
2555; 1194; 3006; 1810
2557; 4482; 3300; 4784
2560; 2396; 4162; 2234
2562;  650; 4588;  986
2563; -706; 4554;   56
2565;-1068; 4144;  114
2566;-1150; 4078; -770
2569; 1064; 2868;  138
2571; 2656; 2894; 2798
2573; 4236; 3312; 4174
2574; 4284; 3564; 4272
2576; 2152; 4218; 1872
2577; 1960; 4258; 1180
2578; 1394; 4184; 1358
2580; -800; 4080; -210
2582;-1058; 3868; -800
2584;  478; 3342; -292
2585; 1202; 3278;  274
2587; 2688; 3028; 3028
2588; 3796; 3128; 4324
2591; 2110; 3734; 3020
2591; 2110; 3734; 3020
2593; 1822; 3772; 1698
2595;  -86; 3780;  718
2596; -648; 4300; -182
2598; -816; 4356; -966
2599;  -92; 3816;   70
2601; 1286; 3520; 1000
2602; 1528; 3572; 1280
2604; 3336; 3158; 3092
2606; 2458; 3850; 2126
2607; 2228; 3894; 1790
2609; 1252; 4126; 1304
2610;  998; 4130;  678
2612; -390; 4284;  724
2613; -178; 4234;  966
2615;  880; 4084;  412
2617; 2338; 3618;  864
2618; 3172; 3542;  930
2620; 3516; 3588;  182
2621; 3904; 3344;  164
2623; 3320; 3256;  790
2624; 3298; 3254;  788
2628; 1828; 3940; 1398
2629; 1074; 4318; 1270
2631;  -30; 4484; 1430
2632;  -12; 4318;  804
2634; 1106; 3768;  848
2636; 2744; 3280;  566
2637; 3432; 3214;  478
2639; 4424; 3182; 1028
2640; 4142; 3220; 1662
2642; 3020; 3764;  648
2643; 2796; 3786;  684
2645; 1904; 4100;  218
2646; 1346; 4048;  366
2648;  864; 3888;  770
2650;  632; 3972; 1242
2651;  818; 3990; 1286
2653; 1058; 3866; 1544
2656; 2540; 3626; 1396
2657; 2806; 3668; 1176
2659; 3876; 3332; 1222
2661; 4002; 3214;  932
2662; 3144; 3374; 1026
2664; 2848; 3270;  822
2665; 2802; 3328;  982
2667; 2462; 3504;  564
2669; 1838; 3690;  752
2670; 1326; 3954;  762
2672;  708; 4150; 1230
2673;  198; 4314; 1592
2674;  542; 4166; 1698
2678; 2758; 3748;  988
2680; 3774; 3540;  638
2681; 4024; 3284;  672
2683; 4052; 2838;  572
2684; 2924; 3114;  786
2686; 2328; 3088;  882
2687; 2426; 3082;  806
2689; 2364; 3402;  680
2691; 2338; 3688;  902
2692; 1956; 3926; 1046
2694; 1606; 4098; 1358
2695; 1256; 4206; 1762
2697; 1122; 4306; 1610
2698; 1278; 4318; 1346
2700; 1336; 4088; 1328
2702; 1794; 3672;  944
2703; 2440; 3320;  830
2705; 3052; 3140; 1010
2708; 4390; 2724;  862
2709; 3608; 3080; 1112
2711; 3032; 3192;  732
2713; 2768; 3410;  588
2714; 2390; 3608;  694
2716; 1386; 3978; 1096
2717; 1086; 4118; 1342
2719;  876; 4268; 1630
2720;  756; 4214; 1668
2722; 1394; 3862; 1978
2724; 1900; 3864; 1344
2725; 2416; 3492; 1168
2727; 2982; 3232; 1178
2728; 2946; 3066; 1104
2730; 3128; 3046;  470
2731; 2788; 3158;  364
2733; 2676; 3296;  882
2735; 2252; 3762; 1674
2736; 2344; 3792; 1378
2738; 2650; 3624; -278
2739; 3188; 3562; -170
2741; 3124; 3394; 1344
2744; 2886; 3854;  364
2746; 2196; 3986;  730
2749; 1228; 4036; 1654
2750;  958; 4042; 1968
2752; 1046; 3732; 2106
2753; 1278; 3736; 2442
2755; 2206; 3538; 1494
2757; 3064; 3214;  712
2758; 3624; 2802;  992
2760; 3206; 3254; 1036
2761; 2372; 3424; 1056
2763; 2092; 3434; 1052
2764; 2292; 3416; 1256
2766; 2814; 3384; 1294
2768; 2782; 3218; 1024
2769; 2958; 3320;  848
2772; 1558; 4098; 1250
2774;  244; 4360; 1710
2775; -278; 3950; 2342
2777;  350; 4052; 2074
2780; 2624; 3484; 1070
2782; 3300; 3074; 1170
2783; 3120; 3230; 1178
2785; 3448; 2856; 1750
2786; 2820; 3388; 1768
2788; 2946; 3586; 2030
2790; 2166; 3758; 1824
2791; 1758; 3818; 1612
2793;  744; 4338; 1046
2794;  440; 4382;  880
2796;  770; 4122;  132
2797;  900; 3892;   34
2799; 1250; 3672; -356
2801; 2056; 3542; -614
2802; 2822; 3110;   14
2804; 3638; 3136;  884
2805; 3716; 3174; 1330
2807; 3256; 3822; 1628
2808; 3558; 3896; 1808
2810; 2840; 4226; 1470
2812; 1332; 4462;  780
2813;  554; 4408;  490
2816;  484; 3848; -436
2818; 1178; 3568; -874
2819; 1680; 3306;-1004
2821; 3496; 2968; -304
2823; 4434; 3258;  662
2824; 4820; 3442; 1364
2826; 3846; 4044; 1766
2827; 3668; 4036; 1720
2829; 2424; 3914; 1328
2830; 1266; 4350;  930
2832;  338; 4394;  382
2834; -168; 4354; -132
2835;  450; 3944; -310
2837; 1208; 3456; -416
2838; 1694; 3360; -548
2840; 3626; 3300;  136
2842; 4660; 3312; 1026
2843; 3578; 3506; 1408
2845; 3336; 3812; 1328
2846; 3180; 3772; 1412
2848; 2456; 4302;  766
2849; 1964; 4226;  580
2851;  552; 4190;  556
2853;   18; 4400;  322
2854;  272; 4108;  258
2856;  700; 3632;  -62
2857; 1392; 3462; -448
2860; 4616; 3008;  272
2862; 4546; 3086; 1408
2864; 3658; 3894; 1300
2865; 3064; 3868; 1698
2866; 2230; 4350; 1610
2868; 1068; 4758;  966
2870; -214; 4522;  612
2873;  424; 3910; -244
2875; 1792; 3186; -318
2876; 3656; 2626;  -60
2878; 5100; 3052; 1274
2879; 5616; 2870; 1998
2881; 3792; 3914; 1322
2882; 3240; 4076; 1100
2884;  898; 4550; 1078
2886; -512; 4506;  578
2889;  -54; 3776; -318
2890; 1112; 3268; -468
2892; 5402; 2642; 1032
2893; 5590; 3202; 1654
2895; 4066; 4076; 1642
2897; 2526; 3964;  650
2898; 1422; 4088;  522
2900; -696; 4520;   46
2901; -942; 4376; -234
2903;  548; 3696; -588
2904; 2932; 3122;  -64
2906; 5518; 3194; 1906
2908; 3742; 4140; 1666
2909; 3056; 4056;  850
2911; 1370; 4180;  300
2912;  288; 4194;  -68
2914; -264; 3964; -948
2915;  188; 3634; -800
2917; 2998; 2966;  110
2919; 5204; 3158; 2040
2920; 5646; 3206; 2926
2922; 3404; 4076; 1418
2923; 2668; 4172; 1056
2925;  640; 4444;  116
2926;  -72; 4326; -364
2928; -104; 3686;-1044
2930; 1952; 3242; -570
2931; 3958; 2668;  920
2933; 5998; 3168; 2198
2934; 4842; 3556; 2678
2936; 3238; 3756; 1104
2937; 2412; 3864;  824
2941; -146; 4556; -164
2942;  210; 4448; -564
2944;  716; 3716; -880
2945; 1148; 3380;-1024
2947; 4018; 2624;  246
2948; 4196; 3194;  796
2950; 4610; 3220; 2258
2953; 3278; 4124; 1450
2955; 2080; 4348;  726
2956; 1368; 4254;  464
2958;  602; 4322;   14
2959;  318; 4230;  -58
2961;  568; 3864; -576
2964; 1730; 3344; -644
2966; 3294; 3192;   12
2969; 3072; 3584; 1160
2970; 2406; 3840; 1518
2972; 2324; 3934; 1832
2974; 3098; 3928; 2226
2977; 2756; 3472; 1282
2978; 2564; 3360; 1040
2980; 1666; 3716;  612
2982;  760; 4666;  110
2983;  564; 4604; -104
2985; 1154; 4034; -116
2986; 1106; 4132;   16
2988; 1918; 4010; -290
2989; 3196; 3438;  188
2991; 2998; 3552;  938
2993; 2518; 3670; 1558
2994; 2140; 3672; 1666
2996; 1376; 3916; 1298
2997; 1296; 3766; 1196
2999; 2644; 3446; 1364
3000; 3166; 3322; 1478
3002; 3584; 3160; 1358
3005; 2910; 3668;  868
3007; 2616; 3510;  774
3008; 1800; 3700;  932
3010; 1226; 4012; 1070
3011;   56; 4310; 1268
3013;  304; 4388; 1174
3015; 1166; 4062; 1428
3016; 1538; 3932; 1460
3018; 1872; 3814; 1096
3019; 2796; 3504;  930
3021; 2458; 3322;  656
3022; 2090; 3470;  448
3024; 1238; 3644;  486
3026; 1580; 3594;  952
3027; 2354; 3440; 1356
3029; 3172; 3558; 1412
3030; 3746; 3364; 1578
3032; 2962; 3680; 1706
3035; 2464; 3586; 1754
3037; 1832; 3570; 1886
3038; 1464; 3588; 1810
3040; 1126; 4118; 1312
3041; 1224; 4012; 1144
3043; 1296; 3874;  820
3044; 1464; 4092;  724
3046; 1534; 4036;  854
3048; 1326; 3834;  884
3049; 1266; 3708; 1134
3051; 1482; 3676; 1138
3052; 1734; 3562;  952
3054; 2502; 3094; 1164
3055; 2854; 3078; 1384
3057; 3510; 3188; 1810
3058; 2646; 3560; 2048
3060; 2512; 3638; 1934
3062; 2474; 3616; 1674
3063; 2500; 3634; 1398
3065; 1610; 3934;  998
3066; 1020; 4012;  772
3070;  788; 3808;  736
3071; 1274; 3576;  920
3073; 1086; 3622; 1444
3074; 1048; 3398; 2212
3076;  944; 3568; 2902
3077;  676; 3768; 2866
3079;  550; 3748; 2538
3081;  386; 3750; 2330
3082;  578; 3768; 1970
3084; 1920; 3312; 1942
3085; 2572; 3290; 1874
3087; 2254; 3522; 1544
3088; 1968; 3374; 1658
3090;  170; 3308; 2008
3092;-2314; 3648; 2448
3093;-2064; 3628; 2502
3095;  -42; 3590; 2464
3096; 1456; 3474; 2406
3098; 3630; 3152; 2062
3099; 4190; 3074; 1974
3101; 2892; 3538; 1352
3103; 1940; 3296; 1166
3104;  686; 3166; 1466
3106;-1642; 3504; 2146
3107;-2728; 3526; 2470
3109;-1014; 3986; 2374
3110;  462; 3880; 2322
3112; 2762; 3394; 2474
3114; 3114; 3346; 2072
3115; 2670; 3084; 2016
3117; 1696; 3406; 1522
3118; 1392; 3352; 1536
3121; -486; 3556; 1914
3122;-1284; 3726; 2430
3125;  540; 3830; 2466
3126; 1340; 3864; 2262
3128; 2352; 3576; 2188
3129; 2536; 3562; 1834
3131; 2134; 3252; 1602
3132; 1984; 3362; 1284
3134; 1452; 3142; 1378
3136;  652; 3244; 1556
3137;  288; 3520; 1660
3139; -530; 3970; 2516
3140; -322; 3920; 2458
3142;  360; 3944; 2634
3143;  900; 3850; 2546
3145; 1756; 3520; 2424
3147; 2110; 3338; 1992
3148; 2160; 3378; 1526
3151; 1998; 3248; 1520
3153; 1530; 3348; 2046
3154; 1392; 3624; 1344
3156; 1044; 3624; 1550
3158; 1196; 3712; 2102
3161;  318; 3808; 2026
3162;  222; 3566; 2644
3164;  130; 3542; 2516
3165;  508; 3602; 2262
3167; 1676; 3534; 1992
3169; 2536; 3522; 1376
3170; 2700; 3514; 1088
3172; 2618; 3468; 1158
3173; 2086; 3560; 1180
3175; 1812; 3506; 1268
3176; 1330; 3596; 1206
3178; 1060; 3642; 1412
3180;  322; 3772; 1824
3181;  370; 3728; 2172
3183; -364; 3752; 2758
3184;  578; 3756; 2648
3186;  982; 3726; 2200
3189; 2088; 3488; 1790
3191; 2932; 3312; 1212
3192; 2526; 3430; 1026
3194; 1858; 3544; 1128
3195; 1820; 3526; 1198
3197; 1036; 3630; 1174
3198; 1144; 3702; 1248
3200;  874; 3738; 1810
3202;  360; 3922; 2266
3203;  352; 3828; 2354
3205;  790; 3696; 2336
3206;  760; 3540; 2390
3208;  490; 3512; 2678
3210; 1482; 3496; 2064
3211;  822; 3696; 2092
3213; 1574; 3610; 1736
3214; 2138; 3442; 1620
3216; 3228; 3214; 1040
3217; 3318; 3226;  704
3218; 2408; 3426;  642
3221; 1992; 3416; 1324
3222; 1572; 3520; 1460
3224; 1072; 3644; 1532
3225;  974; 3708; 1724
3228;  214; 3882; 2310
3230;  -92; 3836; 2916
3232;  602; 3588; 2404
3233;  680; 3618; 2348
3235; 1728; 3500; 1898
3238; 1932; 3438; 1536
3239; 2438; 3316; 1212
3241; 2194; 3464; 1158
3242; 1822; 3490; 1316
3244; 1930; 3438; 1534
3246; 1724; 3508; 1348
3247; 1440; 3544; 1640
3249;  910; 3578; 1788
3250;  796; 3718; 1892
3252;  474; 3842; 2168
3254;  230; 3860; 2598
3255;  536; 3688; 2566
3257;  320; 3698; 2434
3258;  798; 3634; 2336
3260; 1282; 3500; 1966
3261; 1112; 3626; 1930
3263; 1772; 3482; 1746
3265; 2260; 3348; 1372
3266; 2612; 3234; 1052
3268; 2198; 3372; 1038
3269; 1814; 3466; 1114
3271; 1778; 3484; 1358
3272; 1512; 3494; 1488
3274; 1262; 3510; 1754
3276; 1192; 3602; 2016
3277; 1204; 3626; 2034
3279;  718; 3808; 2186
3280;  770; 3822; 2312
3282;  102; 3866; 2712
3283;  448; 3760; 2546
3285;  590; 3672; 2386
3287; 1648; 3412; 1842
3288; 1322; 3622; 1752
3290; 1896; 3496; 1442
3291; 2554; 3246; 1142
3293; 3206; 3178;  842
3294; 2428; 3412;  902
3296; 2198; 3468;  958
3298; 1568; 3662; 1312
3299;  998; 3584; 1494
3301; -484; 3782; 2304
3302; -784; 3750; 2782
3304; -352; 3894; 2692
3305;  420; 3930; 2660
3307; 1536; 3668; 2214
3309; 2068; 3298; 1896
3310; 2208; 3304; 1772
3312; 3058; 3198; 1062
3313; 2866; 3342;  890
3314; 2244; 3482;  840
3316; 1954; 3468; 1148
3318; 1068; 3584; 1504
3320;  954; 3778; 2110
3321;  712; 3624; 1966
3323;  -58; 3514; 2990
3324;  342; 3482; 3294
3326;  530; 3844; 2542
3327; 1284; 3718; 1986
3329; 1082; 3814; 1366
3331; 2276; 3436;  970
3332; 2388; 3448;  632
3334; 2222; 3576;  732
3335; 2170; 3528;  772
3337; 2024; 3466; 1294
3338; 1732; 3516; 1536
3340; 1354; 3610; 1808
3342;  388; 3694; 2324
3343;  -20; 3884; 2656
3345;  284; 3712; 2798
3348; 1380; 3562; 2084
3348; 1380; 3562; 2084
3349; 1430; 3546; 2118
3351; 2124; 3386; 1628
3353; 3186; 3232;  900
3354; 3524; 3156;  702
3356; 2372; 3480;  720
3357; 2250; 3410;  964
3359; 1480; 3402; 1536
3360; 1106; 3462; 1808
3362;  984; 3584; 2248
3365;  926; 3394; 3482
3367; 1360; 3478; 2868
3368; 1726; 3552; 2458
3370; 1566; 4070; 1658
3371; 1318; 4126; 1418
3373;  846; 4284;  748
3375;  182; 4402;  250
3376;  422; 4140;  212
3379;  864; 3788; -110
3381; 1396; 3820;  466
3384; 2816; 3636; 1070
3386; 3146; 3538; 1518
3387; 3332; 3502; 1524
3389; 2586; 3776; 1328
3390; 2664; 3728; 1170
3392; 2254; 3922;  816
3394; 1706; 4144;  760
3395; 1054; 4248;  556
3397;  572; 4456;  802
3398;  476; 4310;  950
3400;  734; 4170; 1026
3401;  630; 4132;  832
3403; 2462; 3210;  382
3405; 2608; 3246;  618
3406; 3530; 3374;  840
3408; 4728; 3236;  868
3409; 4280; 3460;  978
3410; 3462; 3564;  864
3412; 2676; 3726;  708
3414; 1526; 4022;  718
3416; -128; 4680;  778
3417; -646; 4748; 1054
3419;  286; 3870; 1150
3420;  508; 3924;  816
3422; 2054; 3476;  308
3423; 2320; 3468;  984
3425; 3278; 3632; 1258
3427; 5046; 3362; 1582
3428; 5096; 3484; 1672
3430; 3244; 3668;  892
3431; 2878; 3776;  716
3433; 1344; 4004;  402
3434;  688; 4260;  368
3436; -900; 4448;  784
3438;  460; 3674;  936
3439;  612; 3722;  572
3441; 2342; 3178;  526
3442; 2770; 3374;  842
3444; 4846; 3264; 1684
3445; 5512; 3350; 1736
3447; 3550; 3780; 1166
3449; 2444; 3800;  554
3450; 1762; 3850;  428
3452;  -74; 4716;  220
3453; -768; 4808;  520
3455; -444; 3988; 1096
3456;  -56; 4002;  882
3458; 2120; 3152; 1112
3460; 3120; 3362; 1940
3461; 4380; 3214; 2218
3464; 3892; 3370; 1950
3466; 2948; 3366;  768
3467; 1728; 3782;  328
3469;  176; 4062;   46
3471;-1418; 4348;  600
3472;-1042; 4136;  798
3474;  466; 3662; 1072
3475; 1504; 3554; 1262
3477; 3274; 3568; 2168
3478; 3898; 3334; 2446
3480; 5014; 3220; 2648
3482; 3090; 3332; 1622
3483; 2734; 3348; 1156
3485; 1068; 3724;  476
3486;  164; 4220;  208
3488; -806; 4812;   38
3489; -882; 4370;  304
3491;  614; 3798;  528
3493; 2686; 3370; 1056
3494; 3474; 3316; 1390
3496; 4582; 3370; 1176
3497; 4352; 3530; 1408
3499; 2916; 3922;  628
3500; 2326; 4118;  520
3502;  374; 4408;  680
3505; -502; 3708;  900
3506; -106; 3672;  934
3508; 2812; 3270; 1452
3510; 5692; 3556; 2810
3511; 6078; 3590; 2710
3513; 3078; 3772;  916
3515;  658; 4422; -182
3516;-1438; 4324; -508
3518;-1110; 3758;-1160
3519; -532; 3354; -516
3521; 3682; 2792; 2804
3522; 5348; 3300; 3656
3524; 5574; 3700; 3538
3526; 3244; 3900;  626
3527;  562; 4536;   86
3529;-2088; 4220; -916
3530;-2980; 4010;-1148
3532; -952; 3278; -340
3533;  782; 2808;  672
3535; 4786; 3038; 3874
3537; 6440; 3610; 4554
3538; 4352; 4008; 2476
3540; 1828; 3832;  580
3541;  166; 4170; -520
3543;-1638; 3848;  220
3545;   -4; 3662; -340
3546;  794; 3480;  -16
3549; 3766; 3698; 3226
3551; 3554; 4140; 2814
3552; 2770; 4396; 1982
3554;   -2; 4918;   76
3556;-1394; 4484;-1430
3559;  304; 3994; -978
3560; 1736; 3576; -556
3562; 5444; 3002; 1896
3563; 5732; 3478; 2718
3565; 5504; 3240; 2606
3567; 2796; 2998;  442
3568; 1254; 2948;  626
3570;  -22; 4040; -362
3573; -984; 4486; -218
3574;  178; 3886;  652
3576; 1902; 3704; 2002
3578; 4868; 3462; 4250
3579; 5074; 3392; 4662
3581; 2060; 3912; 2158
3582; 1184; 4094; 1290
3584;-1468; 4276; -316
3585;-1528; 4080;-1320
3587;  636; 3520; -978
3589; 3156; 3144; 2026
3590; 4360; 3120; 3378
3592; 4248; 3414; 3496
3593; 3292; 3538; 2274
3595;  838; 4346;  576
3596; -448; 4914; -610
3598;-1646; 4390;-1680
3600;  112; 3388; -474
3601; 1898; 3092; 1364
3602; 3324; 3002; 3026
3604; 5630; 3576; 4088
3606; 3460; 3674; 2404
3607; 2582; 3876; 1024
3609; -274; 4638; -644
3611;-1640; 4386;-1528
3612;-1392; 4210;-1908
3614;  578; 3360; -386
3617; 4992; 3748; 3944
3618; 5672; 3856; 4126
3620; 2858; 3908; 1808
3622; 1064; 4010;  668
3623;   92; 4134;   56
3625; -550; 3970; -562
3626;  160; 3794; -560
3628; 2066; 3524;  630
3629; 2484; 3624;  804
3631; 3026; 4082; 1212
3633; 2366; 4394; 1078
3634; 1926; 4426;  828
3636; 1302; 4180;  446
3637; 1224; 4120;  322
3639; 1594; 3858;  396
3640; 1736; 3756;  448
3642; 1916; 3722;  858
3644; 1754; 4042;  832
3645; 1804; 4158;  734
3647; 1650; 4108;  632
3648; 1702; 4006;  612
3650; 1698; 4104;  756
3651; 1650; 4170;  606
3653; 1492; 3978;  456
3655; 1744; 3962;  662
3656; 1786; 4090;  642
3658; 1914; 4020;  656
