0;2476;2696;1240
1;2283;2631;1533
2;2183;2606;1736
3;2149;2584;1923
4;2096;2551;2139
5;2059;2527;2355
6;2061;2522;2514
7;2107;2515;2664
8;2163;2494;2791
9;2226;2487;2872
10;2266;2472;2926
12;2334;2461;2956
14;2413;2465;2918
15;2450;2468;2855
17;2489;2465;2805
18;2513;2494;2741
21;2530;2515;2679
22;2549;2551;2631
25;2571;2582;2548
26;2590;2575;2511
28;2632;2540;2521
29;2649;2482;2477
31;2650;2395;2462
34;2664;2279;2439
36;2753;2154;2405
37;2891;2003;2407
39;3042;1873;2382
40;3121;1769;2285
42;3175;1711;2159
43;3205;1664;2037
45;3246;1645;1986
47;3236;1635;1913
48;3222;1669;1787
50;3198;1704;1647
51;3235;1730;1522
53;3314;1762;1503
54;3408;1787;1424
56;3561;1794;1270
58;3677;1809;1116
59;3686;1804;968
61;3734;1790;853
62;3868;1793;744
64;3978;1772;536
65;4140;1754;394
67;4216;1743;306
69;4261;1721;198
70;4333;1715;93
72;4391;1692;9
75;4391;1656;-80
76;4381;1653;-115
78;4273;1682;-161
80;4166;1739;-228
81;4163;1795;-217
83;4193;1834;-244
84;4189;1890;-315
86;4141;1937;-377
89;4109;1958;-445
92;4145;1931;-511
94;4183;1874;-586
95;4166;1811;-715
97;4199;1776;-863
98;4203;1740;-984
100;4211;1715;-1057
102;4180;1655;-1090
105;4166;1617;-1155
106;4183;1573;-1183
108;4249;1565;-1283
109;4298;1557;-1362
111;4323;1549;-1447
113;4401;1547;-1540
114;4457;1567;-1676
116;4476;1583;-1737
117;4507;1580;-1814
118;4453;1559;-1816
120;4337;1511;-1764
122;4299;1463;-1671
124;4255;1408;-1611
125;4292;1386;-1599
127;4349;1355;-1609
128;4359;1365;-1599
130;4392;1362;-1571
131;4437;1367;-1503
133;4434;1363;-1490
135;4412;1369;-1460
136;4394;1351;-1412
138;4368;1332;-1371
139;4367;1316;-1355
141;4388;1305;-1359
142;4370;1302;-1379
144;4401;1321;-1359
146;4428;1316;-1349
147;4406;1311;-1297
150;4427;1323;-1272
153;4421;1329;-1283
155;4388;1320;-1243
157;4407;1311;-1245
158;4403;1283;-1272
160;4391;1275;-1273
161;4412;1265;-1271
163;4359;1222;-1262
164;4317;1191;-1225
166;4327;1188;-1246
168;4291;1182;-1274
169;4282;1175;-1296
171;4286;1186;-1359
172;4282;1200;-1401
174;4346;1232;-1452
177;4397;1275;-1515
179;4378;1288;-1589
180;4445;1307;-1621
182;4492;1317;-1630
183;4495;1306;-1646
185;4470;1282;-1673
186;4397;1259;-1661
188;4360;1209;-1652
189;4363;1161;-1598
191;4329;1086;-1515
194;4283;1019;-1463
196;4265;941;-1390
199;4288;869;-1295
200;4340;799;-1226
202;4413;713;-1140
204;4540;606;-1013
205;4667;525;-944
208;4823;444;-881
210;5001;372;-835
211;5148;323;-839
213;5309;297;-896
214;5380;369;-973
216;5311;489;-1060
218;5208;677;-1201
222;4995;895;-1307
224;4750;1137;-1376
227;4483;1392;-1411
229;4149;1659;-1387
230;3844;1862;-1261
232;3670;2063;-1042
233;3421;2234;-760
235;3287;2404;-479
238;3110;2551;-84
240;2936;2655;323
241;2772;2685;859
243;2679;2646;1375
244;2534;2579;1778
246;2454;2448;2217
248;2387;2279;2636
249;2420;2082;2902
251;2422;1921;3096
252;2669;1744;3106
255;2723;1656;2993
257;2770;1597;2874
259;2784;1567;2729
260;2773;1577;2565
262;2785;1608;2412
263;2902;1611;2292
266;2847;1669;2202
268;2959;1693;2119
270;3027;1695;2001
271;3224;1688;1919
273;3415;1656;1857
274;3559;1640;1809
276;3610;1618;1756
277;3622;1590;1744
278;3595;1569;1729
281;3667;1540;1717
282;3679;1508;1661
285;3636;1499;1560
287;3622;1468;1436
288;3641;1438;1313
290;3723;1402;1180
292;3840;1345;1114
293;4085;1272;1136
295;4118;1240;1068
296;4167;1182;1098
298;4190;1140;1155
301;4237;1109;1196
303;4254;1097;1209
304;4271;1089;1215
306;4078;1090;1190
307;4080;1077;1225
309;4121;1077;1203
310;4153;1077;1180
312;4166;1045;1187
314;4151;1017;1217
315;4116;999;1231
317;4116;1002;1190
318;4147;993;1204
320;4187;981;1207
321;4206;959;1187
325;4221;962;1177
326;4263;980;1142
328;4261;992;1110
329;4268;994;1101
331;4244;991;1067
332;4200;966;1044
334;4210;952;1035
337;4166;952;969
339;4151;941;979
340;4154;919;947
342;4156;877;978
343;4151;850;1009
345;4152;890;975
347;4118;911;966
348;4146;912;1011
351;4117;921;973
353;4119;949;961
354;4160;1025;827
356;4216;1084;692
358;4285;1089;637
359;4335;1098;562
361;4412;1111;492
362;4457;1091;460
364;4490;1052;429
365;4513;993;456
367;4527;915;492
369;4505;829;513
370;4446;747;527
372;4365;665;515
373;4353;579;547
374;4345;508;594
376;4363;412;657
378;4399;338;724
379;4473;260;835
383;4585;195;952
384;4626;130;1084
386;4638;90;1156
387;4677;67;1278
389;4684;76;1393
390;4646;73;1506
392;4591;103;1520
394;4573;158;1503
395;4669;299;1395
397;4931;478;1335
398;5065;631;1200
401;4977;867;993
403;4965;1157;679
405;4873;1450;399
409;4683;1705;180
411;4485;1905;79
412;4092;2066;-92
414;3730;2266;-278
416;3510;2377;-413
417;3259;2456;-345
419;3117;2511;-187
420;3021;2575;-9
422;2869;2585;87
423;2754;2594;229
425;2773;2553;508
427;2858;2493;836
428;2961;2397;1100
430;2993;2275;1247
431;3085;2137;1431
433;3287;1975;1765
434;3322;1802;2037
436;3241;1643;2214
438;3305;1527;2381
441;3361;1444;2462
442;3403;1419;2467
444;3341;1418;2393
445;3232;1471;2266
447;3269;1530;2153
449;3340;1581;2021
450;3311;1610;1799
452;3337;1655;1629
453;3383;1648;1563
455;3503;1642;1427
456;3585;1636;1215
458;3701;1614;1025
460;3792;1612;834
461;3916;1599;646
463;3942;1558;406
464;3985;1536;151
467;3984;1497;-12
472;3895;1423;-161
474;3823;1333;-354
475;3878;1225;-595
477;3925;1089;-825
478;4117;976;-1021
480;4304;912;-1242
482;4454;844;-1554
483;4643;826;-1843
485;4777;850;-2092
486;4807;880;-2281
488;4752;891;-2396
489;4579;888;-2473
491;4459;829;-2476
493;4458;773;-2377
494;4511;702;-2274
496;4573;608;-2134
499;4626;517;-1981
500;4664;479;-1846
502;4686;442;-1702
504;4681;410;-1567
505;4635;398;-1464
507;4565;383;-1371
508;4518;392;-1277
510;4528;401;-1155
511;4574;397;-1018
513;4652;398;-879
515;4758;423;-763
516;4917;429;-683
518;5103;443;-649
519;5188;471;-576
521;5193;564;-548
522;5176;719;-458
526;5092;876;-448
530;4960;1083;-428
533;4644;1335;-419
534;4324;1575;-297
540;4068;1799;-183
541;3814;1974;-35
543;3615;2097;86
544;3445;2211;251
546;3272;2251;477
548;3201;2253;797
549;3197;2261;1017
551;3138;2214;1338
552;3144;2142;1661
554;3123;2014;1921
557;3118;1875;2198
558;3149;1748;2363
562;3205;1605;2441
563;3193;1433;2535
565;3281;1309;2469
566;3328;1201;2350
568;3470;1123;2234
569;3659;1083;1974
571;3728;1054;1727
573;3925;1018;1526
574;4011;1016;1380
576;4086;1021;1218
577;4169;1032;1111
579;4102;1079;994
580;4044;1096;976
584;4183;1097;1018
585;4145;1134;989
587;4227;1160;869
588;4285;1183;747
591;4397;1184;620
593;4546;1180;497
595;4603;1174;407
596;4560;1180;288
598;4558;1172;213
599;4547;1146;181
601;4548;1106;128
602;4505;1098;62
604;4509;1097;2
607;4535;1074;-58
609;4584;1052;-160
610;4586;1007;-230
612;4613;966;-290
615;4597;930;-296
618;4631;866;-330
620;4587;797;-393
621;4495;747;-463
623;4438;658;-493
624;4416;586;-544
626;4411;522;-614
628;4512;452;-723
629;4598;377;-838
630;4698;300;-908
632;4766;221;-977
634;4800;173;-1013
635;4875;133;-1033
637;4865;114;-1036
639;4760;117;-1018
640;4598;113;-1012
642;4438;121;-982
643;4395;118;-961
645;4426;94;-902
646;4448;41;-843
648;4502;-27;-776
650;4630;-104;-717
651;4724;-151;-643
653;4764;-212;-619
654;4782;-282;-540
656;4812;-327;-475
657;4837;-354;-440
659;4921;-361;-460
661;4950;-359;-485
662;5037;-352;-502
664;5201;-329;-502
665;5335;-259;-505
667;5388;-165;-532
668;5429;-43;-560
670;5324;138;-500
672;5148;326;-442
673;5018;538;-332
678;4761;765;-262
679;4512;999;-224
681;4292;1221;-167
683;4063;1432;-135
684;3837;1597;-159
686;3707;1759;-172
687;3496;1915;-224
689;3454;2047;-159
690;3437;2155;-75
692;3323;2261;-12
694;3195;2359;117
695;3179;2406;292
697;3261;2435;523
698;3370;2390;779
700;3443;2307;985
701;3466;2212;1165
703;3433;2083;1360
705;3485;1955;1578
706;3619;1851;1757
708;3599;1743;1827
709;3587;1674;1857
711;3671;1663;1845
712;3777;1656;1774
714;3877;1662;1643
716;3939;1663;1468
717;3932;1689;1286
719;3933;1725;1157
720;3963;1750;1033
722;3887;1744;896
723;3809;1745;807
725;3879;1727;735
726;3900;1703;617
728;3957;1651;488
731;4025;1596;366
733;4082;1533;221
734;4163;1470;79
736;4215;1395;-74
738;4267;1370;-222
739;4349;1324;-331
741;4362;1285;-428
742;4481;1242;-535
744;4556;1211;-607
745;4538;1174;-661
747;4598;1149;-683
748;4654;1097;-691
750;4699;1083;-750
752;4729;1061;-819
753;4679;1044;-884
755;4639;1038;-935
758;4663;1025;-973
761;4617;1005;-1026
763;4578;993;-1095
764;4521;958;-1124
766;4517;923;-1134
767;4496;894;-1129
769;4497;843;-1127
770;4473;803;-1150
772;4482;768;-1205
774;4476;723;-1244
775;4476;704;-1267
777;4473;691;-1309
778;4479;667;-1361
780;4506;694;-1417
781;4546;718;-1462
783;4539;745;-1414
785;4540;788;-1398
786;4566;811;-1394
789;4547;833;-1384
790;4524;849;-1404
792;4497;841;-1405
794;4498;817;-1393
796;4522;787;-1452
797;4498;748;-1522
799;4457;701;-1563
800;4468;653;-1537
802;4486;610;-1463
803;4467;560;-1431
805;4437;530;-1418
807;4430;504;-1400
808;4427;470;-1306
810;4434;448;-1235
811;4409;427;-1223
813;4360;404;-1213
814;4352;387;-1169
816;4365;378;-1112
818;4368;356;-1050
819;4422;334;-973
821;4520;305;-885
822;4599;252;-763
824;4653;180;-607
825;4804;112;-476
827;5116;63;-431
829;5402;29;-442
830;5591;40;-421
832;5661;48;-341
833;5568;119;-266
835;5563;304;-265
836;5445;583;-337
838;5013;872;-267
840;4560;1160;-96
844;4128;1449;-31
847;3767;1748;-20
849;3529;2031;18
851;3273;2233;113
852;3028;2332;305
854;2929;2383;428
855;2889;2420;552
857;2874;2422;828
858;2885;2403;1156
860;2973;2344;1460
862;3054;2270;1717
863;3124;2180;1987
865;3154;2096;2255
866;3175;2001;2483
868;3321;1851;2607
869;3396;1762;2645
871;3484;1693;2581
873;3551;1650;2485
874;3553;1622;2361
876;3526;1591;2254
877;3533;1573;2099
879;3483;1610;1909
882;3501;1596;1730
884;3431;1598;1628
885;3410;1592;1571
886;3453;1605;1490
888;3576;1636;1395
890;3728;1659;1360
893;3810;1673;1322
895;3865;1692;1289
896;4005;1675;1266
898;4128;1631;1253
899;4181;1573;1235
901;4165;1521;1261
902;4068;1517;1274
906;4004;1525;1316
909;4008;1524;1378
910;3924;1542;1434
912;3827;1578;1453
913;3804;1604;1491
915;3829;1595;1488
917;3869;1567;1480
918;3860;1510;1470
920;3784;1469;1464
921;3723;1425;1433
923;3622;1392;1398
924;3577;1349;1359
926;3751;1287;1354
928;3939;1209;1376
929;4293;1143;1376
932;4473;1070;1362
934;4640;998;1327
935;4772;917;1294
937;4829;821;1318
938;4681;761;1332
940;4543;707;1266
942;4290;652;1215
943;4217;597;1166
946;4185;526;1175
949;4221;459;1216
950;4242;421;1205
953;4245;385;1162
954;4239;352;1171
957;4212;358;1166
959;4237;373;1176
962;4273;412;1190
967;4238;436;1191
968;4295;439;1222
970;4346;439;1255
971;4374;434;1221
973;4371;375;1305
975;4337;330;1305
976;4269;279;1295
979;4261;249;1301
984;4208;253;1300
986;4204;263;1268
987;4169;277;1288
990;4248;312;1205
993;4313;336;1173
995;4313;368;1103
997;4325;396;1044
998;4324;394;982
1000;4307;392;924
1001;4386;404;904
1003;4297;405;859
1004;4238;391;843
1006;4257;363;871
1008;4272;329;881
1009;4318;294;897
1011;4319;247;970
1012;4259;167;1041
1014;4306;105;1159
1015;4298;52;1274
1017;4285;19;1339
1019;4258;-1;1378
1022;4233;0;1444
1023;4178;23;1559
1025;4072;90;1674
1026;3964;158;1749
1028;3892;227;1839
1031;3894;286;1954
1033;3922;329;2121
1034;3955;397;2274
1036;4017;482;2341
1037;4128;561;2369
1039;4199;664;2369
1041;4227;783;2325
1042;4180;907;2269
1044;4088;1073;2188
1045;3931;1246;2049
1046;3800;1431;1904
1048;3664;1616;1776
1050;3449;1796;1615
1052;3225;1951;1432
1053;3045;2153;1339
1055;2891;2317;1265
1056;2603;2423;1193
1058;2577;2518;1175
1059;2593;2619;1138
1061;2703;2711;1142
1064;2747;2785;1181
1066;2767;2783;1195
1067;2896;2792;1278
1069;3173;2826;1450
1070;3214;2835;1550
1072;3262;2771;1668
1074;3331;2718;1835
1075;3483;2641;2007
1080;3581;2579;2065
1081;3555;2481;2057
1083;3598;2355;2001
1085;3517;2207;1957
1086;3426;2092;1947
1089;3311;1914;1937
1091;3369;1708;1946
1092;3562;1530;2007
1094;3583;1413;1995
1096;3485;1296;1937
1097;3510;1256;1876
1099;3509;1249;1832
1100;3467;1292;1830
1102;3323;1433;1763
1103;3208;1548;1703
1107;3273;1630;1689
1108;3355;1737;1742
1110;3370;1791;1762
1111;3353;1846;1710
1113;3481;1882;1579
1114;3561;1895;1500
1116;3527;1906;1438
1118;3466;1909;1375
1119;3511;1939;1245
1121;3640;1964;1145
1122;3763;1963;1051
1124;3835;1959;965
1125;3898;1951;832
1127;3959;1947;707
1128;4082;1951;573
1130;4145;1914;442
1132;4155;1888;314
1133;4163;1877;205
1135;4195;1884;97
1138;4178;1901;20
1141;4165;1930;-86
1142;4160;1944;-194
1144;4174;1972;-305
1146;4174;1988;-418
1147;4243;1992;-537
1149;4237;1967;-627
1150;4302;1944;-733
1152;4355;1909;-853
1154;4407;1886;-914
1155;4410;1852;-948
1157;4471;1805;-942
1158;4446;1746;-947
1160;4474;1698;-959
1161;4433;1645;-969
1165;4410;1588;-965
1166;4385;1529;-984
1168;4373;1495;-989
1169;4314;1471;-1011
1172;4357;1471;-1012
1174;4364;1481;-1033
1176;4385;1488;-1044
1177;4407;1470;-1032
1179;4389;1463;-1038
1180;4367;1443;-1053
1182;4346;1418;-1069
1183;4321;1389;-1081
1185;4276;1355;-1104
1187;4299;1327;-1109
1188;4307;1320;-1149
1190;4323;1306;-1213
1191;4375;1303;-1264
1193;4429;1300;-1320
1196;4407;1277;-1384
1199;4415;1242;-1429
1201;4391;1205;-1490
1202;4377;1185;-1539
1204;4384;1155;-1562
1205;4342;1116;-1597
1206;4285;1081;-1624
1209;4261;1048;-1632
1210;4282;1037;-1650
1212;4298;1038;-1648
1213;4337;1023;-1600
1215;4339;1009;-1543
1216;4381;1003;-1497
1218;4403;1016;-1480
1220;4453;1041;-1483
1221;4466;1055;-1516
1223;4500;1040;-1545
1224;4507;1023;-1620
1227;4525;1021;-1699
1229;4524;1002;-1716
1231;4522;973;-1685
1232;4495;946;-1632
1234;4485;923;-1517
1235;4545;925;-1418
1237;4685;939;-1343
1238;4869;953;-1288
1240;5101;972;-1264
1242;5299;1000;-1251
1243;5429;1042;-1252
1245;5507;1105;-1272
1246;5373;1202;-1215
1248;5168;1307;-1063
1249;4931;1448;-865
1253;4595;1600;-707
1254;4301;1784;-521
1256;4083;1966;-313
1257;3740;2146;-87
1259;3519;2326;127
1260;3333;2494;310
1262;3107;2654;507
1264;2933;2800;758
1265;2734;2878;1013
1268;2539;2910;1256
1270;2405;2903;1497
1271;2279;2839;1662
1273;2310;2743;1798
1275;2557;2573;1887
1276;2770;2389;1923
1278;2942;2160;1949
1281;3111;1942;2039
1282;3405;1745;2131
1284;3535;1523;2165
1286;3309;1306;2209
1287;3467;1155;2246
1289;3379;1047;2239
1290;3260;1063;2154
1292;3285;1119;1980
1295;3291;1163;1813
1297;3387;1257;1699
1298;3593;1379;1540
1300;3407;1440;1351
1301;3449;1456;1225
1302;3655;1397;1137
1304;3736;1335;964
1306;3817;1295;751
1308;3949;1257;515
1312;4114;1183;347
1315;4179;1165;149
1317;4214;1165;-66
1318;4209;1186;-280
1320;4182;1183;-425
1322;4073;1165;-581
1323;4003;1129;-771
1325;3976;1117;-989
1326;3921;1089;-1161
1328;4056;1089;-1372
1329;4242;1089;-1602
1331;4296;1098;-1810
1333;4394;1125;-1981
1334;4530;1136;-2088
1336;4608;1153;-2201
1339;4589;1149;-2270
1340;4451;1094;-2299
1342;4344;1053;-2277
1344;4363;1036;-2271
1345;4351;975;-2275
1347;4269;945;-2262
1348;4218;891;-2253
1350;4183;831;-2243
1353;4194;818;-2209
1355;4135;776;-2208
1356;4056;683;-2199
1358;4112;659;-2177
1359;4189;630;-2157
1361;4258;608;-2096
1362;4336;606;-2041
1364;4356;597;-1969
1366;4417;608;-1859
1367;4503;648;-1721
1370;4499;640;-1569
1372;4485;646;-1410
1373;4498;674;-1273
1375;4574;691;-1113
1377;4696;696;-987
1378;4775;677;-888
1380;4869;654;-807
1381;5021;636;-760
1383;5142;634;-733
1384;5255;619;-698
1386;5351;661;-641
1388;5372;709;-591
1389;5325;813;-518
1391;5102;1034;-286
1392;4786;1354;-16
1394;4431;1687;222
1398;4005;2051;458
1400;3521;2367;719
1402;3136;2691;998
1403;2752;2930;1234
1405;2468;3050;1331
1406;2105;3065;1397
1408;1803;3000;1593
1410;1589;2889;1811
1411;1274;2755;2075
1413;1003;2586;2365
1414;766;2446;2691
1416;635;2305;3037
1417;669;2169;3379
1419;772;2057;3613
1421;853;1962;3802
1422;1157;1871;3783
1424;1480;1700;3643
1425;1828;1590;3449
1428;2085;1502;3188
1433;2224;1460;2941
1435;2360;1412;2731
1436;2515;1387;2522
1438;2685;1368;2440
1439;2647;1434;2436
1441;2611;1458;2432
1443;2613;1475;2444
1444;2785;1436;2473
1446;2946;1401;2478
1447;3060;1375;2441
1449;3074;1340;2362
1450;3207;1319;2293
1452;3353;1303;2257
1454;3500;1259;2237
1455;3537;1238;2178
1458;3529;1237;2111
1460;3488;1197;2138
1461;3386;1191;2141
1462;3264;1188;2095
1465;3177;1180;2025
1466;3201;1201;1888
1468;3295;1181;1792
1469;3362;1113;1722
1471;3365;1084;1533
1472;3722;1012;1503
1474;4001;932;1485
1476;4185;859;1436
1477;4255;785;1435
1480;4293;758;1422
1482;4351;747;1416
1483;4513;702;1462
1485;4368;673;1318
1487;4290;647;1197
1488;4351;595;1185
1490;4412;526;1167
1491;4381;446;1107
1493;4359;417;1016
1494;4361;381;975
1496;4379;369;989
1499;4379;359;1025
1501;4291;356;1000
1502;4290;341;1013
1504;4287;305;1057
1505;4290;228;1093
1507;4223;151;1073
1509;4250;36;1087
1510;4359;-75;1075
1513;4541;-176;1113
1516;4643;-222;1121
1518;4747;-234;1108
1520;4871;-177;1123
1523;5085;-71;1152
1524;5139;93;1110
1526;5110;274;1049
1527;4957;540;965
1529;4767;781;858
1530;4533;1069;684
1534;4270;1313;531
1535;3996;1541;463
1537;3765;1757;448
1538;3532;1987;469
1540;3291;2130;475
1541;3097;2245;626
1545;2944;2305;857
1546;2729;2346;1115
1548;2471;2352;1360
1549;2345;2347;1637
1551;2319;2320;1880
1552;2337;2271;2152
1554;2409;2215;2342
1556;2544;2144;2573
1557;2654;2072;2655
1558;2782;2030;2684
1560;2856;1980;2682
1562;2849;1911;2725
1563;2767;1858;2708
1565;2754;1805;2665
1567;2825;1757;2575
1568;2982;1721;2531
1571;3113;1680;2401
1573;3193;1625;2325
1574;3254;1566;2217
1576;3388;1522;2099
1578;3437;1506;1939
1579;3475;1505;1768
1581;3487;1499;1620
1582;3556;1494;1509
1584;3660;1504;1297
1585;3741;1518;1094
1587;3866;1521;934
1589;3960;1525;812
1590;3967;1513;679
1592;4033;1505;557
1593;4102;1496;430
1595;4138;1477;322
1596;4237;1453;191
1598;4305;1443;78
1601;4379;1401;-44
1603;4461;1368;-144
1604;4518;1342;-267
1606;4536;1303;-339
1607;4552;1286;-387
1609;4530;1261;-432
1611;4549;1231;-487
1612;4560;1234;-583
1614;4559;1223;-669
1615;4547;1209;-714
1617;4563;1203;-759
1618;4549;1179;-814
1620;4568;1171;-821
1622;4565;1162;-824
1623;4543;1122;-783
1625;4538;1090;-739
1626;4512;1068;-744
1628;4421;1024;-761
1629;4388;984;-757
1631;4387;949;-774
1633;4393;908;-854
1634;4392;905;-857
1636;4399;904;-898
1639;4411;899;-963
1640;4459;901;-993
1642;4469;881;-1023
1644;4423;856;-1060
1645;4333;825;-1041
1647;4245;776;-1110
1648;4162;733;-1120
1650;4128;681;-1079
1651;4146;642;-1085
1653;4245;631;-1065
1654;4480;605;-1017
1656;4809;574;-908
1658;5163;553;-739
1661;5482;530;-580
1664;5716;513;-465
1666;5879;544;-335
1667;5905;602;-289
1669;5787;749;-249
1672;5510;985;-261
1673;5209;1235;-293
1675;4861;1505;-335
1677;4527;1788;-315
1678;4118;2056;-323
1680;3738;2305;-283
1681;3394;2504;-212
1683;3033;2627;-131
1684;2668;2733;-54
1686;2456;2822;80
1688;2334;2882;227
1689;2337;2874;438
1691;2355;2839;666
1692;2404;2761;906
1694;2625;2645;1204
1695;2857;2508;1440
1697;2907;2308;1656
1699;2957;2130;1902
1700;3009;1943;2145
1702;3007;1753;2306
1703;3205;1613;2463
1706;3383;1480;2509
1708;3437;1406;2463
1710;3526;1378;2351
1711;3522;1345;2195
1713;3517;1361;2014
1714;3660;1405;1900
1716;3545;1411;1718
1718;3407;1459;1539
1721;3375;1463;1473
1722;3457;1482;1418
1724;3623;1484;1361
1725;3769;1458;1263
1727;3829;1431;1139
1728;3932;1419;1009
1730;4033;1395;901
1731;4161;1373;823
1733;4213;1335;751
1735;4199;1305;657
1736;4111;1302;598
1738;4038;1277;517
1739;4175;1287;333
1741;4263;1341;135
1742;4299;1385;-49
1746;4372;1444;-243
1747;4459;1521;-413
1749;4585;1571;-565
1750;4686;1639;-727
1752;4583;1677;-779
1755;4512;1631;-825
1757;4487;1600;-891
1758;4487;1573;-934
1760;4530;1516;-984
1761;4556;1499;-1075
1764;4565;1465;-1121
1766;4535;1407;-1181
1768;4523;1387;-1208
1769;4515;1323;-1211
1771;4467;1292;-1222
1772;4375;1269;-1209
1774;4328;1231;-1209
1777;4366;1252;-1250
1779;4401;1297;-1272
1780;4393;1331;-1287
1782;4421;1409;-1306
1783;4419;1461;-1360
1785;4411;1492;-1401
1786;4442;1509;-1392
1788;4399;1491;-1363
1790;4359;1462;-1342
1791;4310;1431;-1366
1793;4281;1390;-1376
1794;4256;1345;-1363
1796;4244;1333;-1428
1797;4203;1322;-1483
1799;4205;1302;-1502
1801;4200;1272;-1499
1802;4256;1271;-1528
1804;4223;1279;-1618
1805;4241;1289;-1697
1807;4247;1290;-1724
1808;4239;1299;-1766
1812;4249;1329;-1842
1813;4247;1360;-1925
1814;4209;1378;-1956
1816;4200;1406;-1977
1818;4142;1407;-1986
1819;4119;1407;-1995
1821;4130;1412;-2009
1823;4081;1389;-2044
1824;4095;1360;-2047
1826;4099;1339;-2064
1827;4054;1287;-2087
1829;4105;1256;-2088
1830;4128;1242;-2141
1834;4114;1218;-2163
1835;4135;1183;-2129
1837;4111;1184;-2131
1838;4103;1174;-2098
1840;4142;1195;-2056
1843;4107;1199;-2032
1845;4105;1193;-1960
1846;4118;1210;-1940
1848;4127;1242;-1906
1849;4150;1261;-1881
1851;4167;1276;-1855
1852;4196;1279;-1818
1854;4257;1301;-1811
1856;4330;1321;-1793
1857;4406;1327;-1749
1859;4495;1336;-1710
1862;4583;1351;-1656
1863;4716;1431;-1719
1865;4819;1525;-1753
1867;4858;1606;-1738
1871;4821;1711;-1670
1873;4717;1803;-1558
1874;4620;1920;-1404
1876;4430;2026;-1260
1878;4147;2077;-987
1879;3881;2131;-651
1881;3582;2211;-343
1882;3365;2301;-100
1884;3215;2413;129
1885;3033;2524;324
1887;2902;2677;661
1889;2861;2816;1029
1890;2816;2915;1334
1893;2805;2980;1603
1895;2651;2976;1825
1896;2501;2919;2064
1898;2322;2816;2479
1900;2242;2634;2668
1901;2147;2453;2719
1903;2047;2287;2788
1906;1977;2079;2913
1907;2028;1888;3039
1909;2063;1735;3118
1912;2112;1601;3001
1914;2172;1503;2988
1915;2314;1374;3095
1917;2492;1304;2982
1918;2627;1305;2798
1920;2690;1325;2727
1922;2746;1339;2672
1923;2847;1366;2549
1925;2932;1398;2425
1926;2915;1450;2230
1928;2899;1458;2186
1929;2982;1431;2218
1931;3119;1406;2149
1933;3252;1385;2052
1934;3377;1367;2007
1936;3457;1340;1952
1937;3510;1320;1885
1939;3546;1309;1859
1940;3593;1311;1823
1942;3666;1319;1804
1943;3720;1331;1764
1945;3764;1304;1721
1947;3799;1269;1705
1948;3849;1244;1707
1951;3870;1221;1653
1953;3823;1207;1577
1954;3719;1196;1508
1956;3686;1171;1467
1958;3609;1172;1402
1959;3550;1194;1240
1961;3492;1236;1050
1962;3698;1226;912
1964;4126;1155;989
1965;4514;1081;1051
1967;4708;1034;955
1969;4910;997;863
1970;5065;963;865
1972;5176;873;977
1973;5123;813;1058
1974;4779;822;959
1978;4461;824;934
1983;4312;823;1058
1984;4190;833;1168
1987;4060;814;1281
1989;3998;790;1350
1991;3833;786;1354
1992;3718;783;1401
1995;3730;771;1433
1997;3689;763;1421
1998;3667;745;1471
2000;3682;731;1497
2002;3713;763;1502
2003;3795;798;1542
2005;3918;818;1521
2006;3922;841;1465
2009;3974;837;1474
2011;4029;835;1422
2013;4079;849;1356
2014;4145;827;1329
2016;4192;778;1364
2017;4190;712;1361
2019;4267;642;1334
2020;4338;572;1281
2022;4343;478;1275
2024;4362;374;1276
2025;4334;305;1230
2027;4264;238;1166
2028;4259;170;1161
2030;4187;123;1141
2031;4186;61;1216
2035;4236;-22;1273
2036;4237;-104;1310
2039;4430;-168;1383
2041;4583;-222;1364
2042;4725;-231;1291
2044;4878;-239;1251
2046;4979;-156;1059
2049;5085;29;889
2050;5278;264;698
2052;5411;514;265
2053;5513;789;-114
2055;5377;1055;-427
2057;5231;1341;-685
2058;5021;1589;-879
2060;4759;1813;-1113
2061;4327;2008;-1247
2063;3752;2174;-1143
2064;3227;2317;-961
2068;2862;2454;-703
2069;2504;2581;-457
2070;2094;2684;-216
2072;1851;2767;181
2074;1811;2827;555
2075;1726;2879;893
2077;1819;2894;1251
2079;2020;2889;1541
2080;2283;2827;1819
2082;2625;2739;2105
2083;2815;2601;2245
2085;2946;2447;2383
2086;3132;2282;2539
2088;3199;2133;2584
2090;3212;1999;2579
2091;3197;1897;2565
2094;3267;1811;2563
2096;3220;1753;2489
2097;3312;1688;2366
2099;3404;1666;2217
2101;3458;1657;2051
2104;3556;1648;1887
2105;3629;1636;1700
2107;3637;1607;1466
2110;3844;1583;1264
2112;3917;1591;1076
2115;3947;1546;887
2118;4052;1529;726
2119;4131;1486;561
2121;4176;1458;403
2123;4264;1453;265
2126;4269;1443;195
2127;4372;1424;33
2129;4421;1429;-125
2130;4465;1425;-262
2132;4462;1409;-352
2134;4540;1392;-478
2135;4595;1376;-590
2137;4675;1390;-721
2138;4594;1418;-717
2140;4544;1467;-703
2141;4497;1498;-630
2143;4485;1560;-615
2145;4458;1601;-574
2146;4395;1643;-557
2151;4327;1633;-547
2152;4261;1593;-555
2154;4287;1541;-616
2156;4269;1488;-743
2157;4275;1418;-852
2159;4267;1368;-932
2160;4280;1335;-1009
2162;4309;1335;-1055
2163;4365;1349;-1122
2165;4409;1374;-1145
2166;4478;1390;-1102
2168;4474;1427;-1063
2170;4454;1464;-1050
2171;4473;1484;-1002
2173;4439;1478;-968
2174;4430;1464;-912
2176;4426;1426;-888
2177;4409;1394;-879
2179;4445;1385;-865
2181;4440;1366;-786
2184;4449;1331;-690
2188;4500;1320;-621
2190;4527;1320;-575
2192;4559;1325;-463
2193;4587;1328;-372
2195;4603;1293;-265
2196;4615;1265;-250
2198;4595;1233;-236
2199;4541;1194;-209
2201;4533;1157;-161
2203;4508;1120;-146
2206;4476;1092;-141
2207;4416;1074;-157
2209;4467;1065;-131
2210;4446;1084;-149
2212;4462;1119;-174
2214;4444;1151;-191
2215;4479;1186;-179
2217;4511;1204;-171
2221;4556;1212;-161
2225;4545;1211;-143
2226;4556;1180;-89
2229;4583;1123;-1
2230;4589;1063;85
2234;4535;1007;129
2236;4477;965;201
2237;4420;931;248
2240;4381;900;297
2242;4388;885;332
2243;4387;892;355
2245;4364;886;346
2247;4364;884;383
2248;4382;859;429
2250;4394;818;555
2251;4421;737;700
2254;4439;653;825
2256;4495;538;955
2258;4629;455;1125
2259;4765;394;1223
2261;4859;363;1250
2262;4950;414;1241
2264;4911;517;1141
2265;4824;649;1085
2269;4807;818;1054
2272;4672;993;941
2273;4409;1196;785
2275;4229;1422;699
2276;4107;1602;608
2278;4046;1806;559
2280;4003;1992;447
2281;3824;2168;292
2283;3733;2322;221
2284;3728;2425;278
2286;3632;2515;286
2287;3479;2593;300
2289;3376;2605;459
2291;3289;2602;637
2292;3161;2555;929
2294;2988;2485;1295
2295;2868;2389;1693
2298;2739;2276;2133
2300;2580;2120;2520
2302;2451;1975;2808
2303;2370;1819;3074
2305;2289;1699;3214
2306;2235;1584;3250
2308;2175;1497;3217
2309;2305;1368;3256
2311;2507;1303;3190
2313;2621;1267;3043
2314;2589;1257;2963
2316;2617;1255;2919
2317;2725;1265;2841
2319;2770;1301;2743
2320;2701;1359;2602
2322;2669;1405;2573
2324;2674;1445;2569
2326;2767;1456;2503
2328;2947;1477;2408
2330;3056;1515;2283
2331;3222;1503;2155
2333;3414;1514;2054
2335;3534;1518;1980
2336;3606;1500;1927
2338;3691;1501;1895
2339;3676;1482;1876
2341;3678;1449;1946
2342;3660;1434;2025
2344;3605;1416;2040
2346;3587;1400;2015
2347;3625;1391;1967
2349;3605;1387;1899
2350;3640;1373;1866
2352;3663;1366;1808
2353;3676;1359;1728
2355;3716;1352;1643
2358;3766;1340;1587
2360;3840;1326;1511
2363;3999;1312;1446
2364;4117;1300;1359
2366;4187;1280;1311
2368;4238;1253;1297
2369;4274;1232;1224
2371;4302;1215;1173
2372;4287;1195;1165
2375;4228;1168;1176
2377;4170;1179;1162
2378;4130;1175;1125
2380;4167;1188;1099
2382;4116;1183;1126
2385;4073;1166;1136
2386;4014;1165;1126
2388;4001;1179;1111
2389;4012;1160;1091
2393;4052;1171;1074
2394;4035;1171;1007
2396;4139;1190;935
2397;4138;1214;903
2399;4148;1222;867
2400;4216;1197;823
2402;4214;1166;764
2405;4242;1119;658
2407;4218;1075;606
2408;4176;1034;538
2411;4257;994;411
2415;4344;956;314
2416;4326;941;229
2418;4450;945;135
2421;4527;948;68
2422;4631;929;10
2424;4721;881;17
2426;4757;826;60
2427;4815;768;92
2429;4893;708;138
2430;4865;647;230
2432;4851;557;404
2433;4864;474;572
2435;4830;411;711
2437;4768;374;835
2438;4702;354;979
2440;4569;343;1106
2443;4437;364;1233
2444;4294;433;1292
2446;4101;530;1313
2448;3934;639;1344
2449;3817;737;1392
2451;3727;840;1447
2452;3712;969;1468
2454;3615;1104;1490
2455;3510;1263;1533
2457;3458;1432;1584
2460;3410;1640;1561
2462;3273;1867;1517
2463;3055;2113;1473
2465;2849;2380;1460
2466;2652;2654;1428
2468;2477;2900;1377
2470;2267;3157;1325
2473;1922;3387;1312
2474;1585;3590;1314
2477;1345;3770;1303
2479;1115;3919;1244
2481;973;4023;1153
2482;816;4115;1049
2484;671;4132;963
2485;563;3555;794
2486;519;2977;612
2488;442;2395;426
